-- --------------------------------------------------------
-- Host:                         127.0.0.1
-- Server version:               10.4.28-MariaDB - mariadb.org binary distribution
-- Server OS:                    Win64
-- HeidiSQL Version:             12.5.0.6677
-- --------------------------------------------------------

/*!40101 SET @OLD_CHARACTER_SET_CLIENT=@@CHARACTER_SET_CLIENT */;
/*!40101 SET NAMES utf8 */;
/*!50503 SET NAMES utf8mb4 */;
/*!40103 SET @OLD_TIME_ZONE=@@TIME_ZONE */;
/*!40103 SET TIME_ZONE='+00:00' */;
/*!40014 SET @OLD_FOREIGN_KEY_CHECKS=@@FOREIGN_KEY_CHECKS, FOREIGN_KEY_CHECKS=0 */;
/*!40101 SET @OLD_SQL_MODE=@@SQL_MODE, SQL_MODE='NO_AUTO_VALUE_ON_ZERO' */;
/*!40111 SET @OLD_SQL_NOTES=@@SQL_NOTES, SQL_NOTES=0 */;

-- Dumping structure for table laravel_test.failed_jobs
DROP TABLE IF EXISTS `failed_jobs`;
CREATE TABLE IF NOT EXISTS `failed_jobs` (
  `id` bigint(20) unsigned NOT NULL AUTO_INCREMENT,
  `uuid` varchar(255) NOT NULL,
  `connection` text NOT NULL,
  `queue` text NOT NULL,
  `payload` longtext NOT NULL,
  `exception` longtext NOT NULL,
  `failed_at` timestamp NOT NULL DEFAULT current_timestamp(),
  PRIMARY KEY (`id`),
  UNIQUE KEY `failed_jobs_uuid_unique` (`uuid`)
) ENGINE=InnoDB DEFAULT CHARSET=utf8mb4 COLLATE=utf8mb4_unicode_ci;

-- Dumping data for table laravel_test.failed_jobs: ~0 rows (approximately)
DELETE FROM `failed_jobs`;

-- Dumping structure for table laravel_test.family_members
DROP TABLE IF EXISTS `family_members`;
CREATE TABLE IF NOT EXISTS `family_members` (
  `id` bigint(20) unsigned NOT NULL AUTO_INCREMENT,
  `user_id` bigint(20) unsigned NOT NULL,
  `name` varchar(255) NOT NULL,
  `relationship_id` bigint(20) unsigned DEFAULT NULL,
  `relation_name_id` bigint(20) unsigned DEFAULT NULL,
  `created_at` timestamp NULL DEFAULT NULL,
  `updated_at` timestamp NULL DEFAULT NULL,
  PRIMARY KEY (`id`),
  KEY `family_members_user_id_foreign` (`user_id`),
  KEY `family_members_relationship_id_foreign` (`relationship_id`),
  KEY `family_members_relation_name_id_foreign` (`relation_name_id`),
  CONSTRAINT `family_members_relation_name_id_foreign` FOREIGN KEY (`relation_name_id`) REFERENCES `users` (`id`),
  CONSTRAINT `family_members_relationship_id_foreign` FOREIGN KEY (`relationship_id`) REFERENCES `relationships` (`id`),
  CONSTRAINT `family_members_user_id_foreign` FOREIGN KEY (`user_id`) REFERENCES `users` (`id`)
) ENGINE=InnoDB AUTO_INCREMENT=101 DEFAULT CHARSET=utf8mb4 COLLATE=utf8mb4_unicode_ci;

-- Dumping data for table laravel_test.family_members: ~100 rows (approximately)
DELETE FROM `family_members`;
INSERT INTO `family_members` (`id`, `user_id`, `name`, `relationship_id`, `relation_name_id`, `created_at`, `updated_at`) VALUES
	(1, 401, 'Fleta Sipes', 1, 79, '2023-12-21 19:28:49', '2023-12-21 19:28:49'),
	(2, 402, 'Dr. John Turcotte III', 2, 86, '2023-12-21 19:28:49', '2023-12-21 19:28:49'),
	(3, 403, 'Ari Fadel Sr.', 4, 351, '2023-12-21 19:28:49', '2023-12-21 19:28:49'),
	(4, 404, 'Miss Brandi Pfeffer II', 13, 233, '2023-12-21 19:28:49', '2023-12-21 19:28:49'),
	(5, 405, 'Isabelle Johnston', 13, 56, '2023-12-21 19:28:49', '2023-12-21 19:28:49'),
	(6, 406, 'Margret Walker', 3, 62, '2023-12-21 19:28:49', '2023-12-21 19:28:49'),
	(7, 407, 'Murl Jaskolski Sr.', 10, 104, '2023-12-21 19:28:49', '2023-12-21 19:28:49'),
	(8, 408, 'Prof. Stevie Miller', 7, 1, '2023-12-21 19:28:49', '2023-12-21 19:28:49'),
	(9, 409, 'Dr. Alisa Keeling', 4, 347, '2023-12-21 19:28:49', '2023-12-21 19:28:49'),
	(10, 410, 'Lorenzo Hackett I', 4, 403, '2023-12-21 19:28:49', '2023-12-21 19:28:49'),
	(11, 411, 'Lesly Kuhn Sr.', 4, 349, '2023-12-21 19:28:49', '2023-12-21 19:28:49'),
	(12, 412, 'Keeley Cormier', 7, 384, '2023-12-21 19:28:49', '2023-12-21 19:28:49'),
	(13, 413, 'Prof. Camilla Parker DVM', 10, 115, '2023-12-21 19:28:49', '2023-12-21 19:28:49'),
	(14, 414, 'Ramiro O\'Reilly', 9, 342, '2023-12-21 19:28:49', '2023-12-21 19:28:49'),
	(15, 415, 'Assunta Harris DVM', 9, 390, '2023-12-21 19:28:49', '2023-12-21 19:28:49'),
	(16, 416, 'Prof. Gertrude Parker PhD', 6, 63, '2023-12-21 19:28:49', '2023-12-21 19:28:49'),
	(17, 417, 'Addie Flatley', 5, 341, '2023-12-21 19:28:49', '2023-12-21 19:28:49'),
	(18, 418, 'Florencio Glover', 12, 212, '2023-12-21 19:28:49', '2023-12-21 19:28:49'),
	(19, 419, 'Alice Cruickshank DVM', 4, 226, '2023-12-21 19:28:49', '2023-12-21 19:28:49'),
	(20, 420, 'Boyd Durgan', 7, 92, '2023-12-21 19:28:49', '2023-12-21 19:28:49'),
	(21, 421, 'Moses Nitzsche', 4, 401, '2023-12-21 19:28:49', '2023-12-21 19:28:49'),
	(22, 422, 'Thora Kuphal DVM', 4, 157, '2023-12-21 19:28:49', '2023-12-21 19:28:49'),
	(23, 423, 'Van Cremin', 10, 13, '2023-12-21 19:28:49', '2023-12-21 19:28:49'),
	(24, 424, 'Sophie Casper', 7, 46, '2023-12-21 19:28:49', '2023-12-21 19:28:49'),
	(25, 425, 'Brendon Littel', 12, 96, '2023-12-21 19:28:49', '2023-12-21 19:28:49'),
	(26, 426, 'Dr. Cordell Nader Jr.', 1, 199, '2023-12-21 19:28:49', '2023-12-21 19:28:49'),
	(27, 427, 'Carrie Ryan', 7, 188, '2023-12-21 19:28:49', '2023-12-21 19:28:49'),
	(28, 428, 'Miss Madonna Grady', 8, 324, '2023-12-21 19:28:49', '2023-12-21 19:28:49'),
	(29, 429, 'Porter Wintheiser', 3, 170, '2023-12-21 19:28:49', '2023-12-21 19:28:49'),
	(30, 430, 'Benton Witting', 2, 42, '2023-12-21 19:28:49', '2023-12-21 19:28:49'),
	(31, 431, 'Ms. Kamille Kulas DDS', 4, 141, '2023-12-21 19:28:49', '2023-12-21 19:28:49'),
	(32, 432, 'Dante Sipes', 12, 420, '2023-12-21 19:28:49', '2023-12-21 19:28:49'),
	(33, 433, 'Alexandrine Boyer', 3, 76, '2023-12-21 19:28:49', '2023-12-21 19:28:49'),
	(34, 434, 'Micaela Wehner', 2, 251, '2023-12-21 19:28:49', '2023-12-21 19:28:49'),
	(35, 435, 'Murl Crona', 10, 302, '2023-12-21 19:28:49', '2023-12-21 19:28:49'),
	(36, 436, 'Prof. Jacklyn Kerluke III', 12, 370, '2023-12-21 19:28:49', '2023-12-21 19:28:49'),
	(37, 437, 'Dr. Gardner Quitzon', 10, 80, '2023-12-21 19:28:49', '2023-12-21 19:28:49'),
	(38, 438, 'Sean Spinka', 11, 246, '2023-12-21 19:28:49', '2023-12-21 19:28:49'),
	(39, 439, 'Dr. Richard Cartwright', 6, 290, '2023-12-21 19:28:49', '2023-12-21 19:28:49'),
	(40, 440, 'Tia Kilback', 8, 257, '2023-12-21 19:28:49', '2023-12-21 19:28:49'),
	(41, 441, 'Isac Cruickshank', 5, 64, '2023-12-21 19:28:49', '2023-12-21 19:28:49'),
	(42, 442, 'Johnnie Barrows', 7, 220, '2023-12-21 19:28:49', '2023-12-21 19:28:49'),
	(43, 443, 'Mr. Orval Leffler', 7, 334, '2023-12-21 19:28:49', '2023-12-21 19:28:49'),
	(44, 444, 'Arthur Hermann', 1, 253, '2023-12-21 19:28:49', '2023-12-21 19:28:49'),
	(45, 445, 'Sandra Thiel', 9, 165, '2023-12-21 19:28:49', '2023-12-21 19:28:49'),
	(46, 446, 'Rashawn Simonis Jr.', 5, 419, '2023-12-21 19:28:49', '2023-12-21 19:28:49'),
	(47, 447, 'Miss Odie Spencer IV', 13, 25, '2023-12-21 19:28:49', '2023-12-21 19:28:49'),
	(48, 448, 'Dr. Tania DuBuque', 4, 152, '2023-12-21 19:28:49', '2023-12-21 19:28:49'),
	(49, 449, 'Mr. Myrl Rosenbaum', 5, 197, '2023-12-21 19:28:49', '2023-12-21 19:28:49'),
	(50, 450, 'Genevieve Bashirian', 8, 214, '2023-12-21 19:28:49', '2023-12-21 19:28:49'),
	(51, 451, 'Prof. Reid Kirlin III', 9, 262, '2023-12-21 19:28:49', '2023-12-21 19:28:49'),
	(52, 452, 'Fleta Sipes', 5, 79, '2023-12-21 19:28:49', '2023-12-21 19:28:49'),
	(53, 453, 'Okey Wolff', 13, 394, '2023-12-21 19:28:49', '2023-12-21 19:28:49'),
	(54, 454, 'Dominique Davis', 11, 380, '2023-12-21 19:28:49', '2023-12-21 19:28:49'),
	(55, 455, 'Mrs. Willow Hill DVM', 13, 330, '2023-12-21 19:28:49', '2023-12-21 19:28:49'),
	(56, 456, 'Bethany Purdy Sr.', 12, 426, '2023-12-21 19:28:49', '2023-12-21 19:28:49'),
	(57, 457, 'Will Lehner', 4, 415, '2023-12-21 19:28:49', '2023-12-21 19:28:49'),
	(58, 458, 'Janiya Willms', 2, 436, '2023-12-21 19:28:49', '2023-12-21 19:28:49'),
	(59, 459, 'Hyman Padberg', 4, 444, '2023-12-21 19:28:49', '2023-12-21 19:28:49'),
	(60, 460, 'Prof. Kattie Hermiston', 13, 111, '2023-12-21 19:28:49', '2023-12-21 19:28:49'),
	(61, 461, 'Dominique Davis', 9, 380, '2023-12-21 19:28:49', '2023-12-21 19:28:49'),
	(62, 462, 'Miss Lempi Nolan II', 4, 398, '2023-12-21 19:28:49', '2023-12-21 19:28:49'),
	(63, 463, 'Bettie Williamson', 9, 11, '2023-12-21 19:28:49', '2023-12-21 19:28:49'),
	(64, 464, 'Quentin Rosenbaum PhD', 10, 182, '2023-12-21 19:28:49', '2023-12-21 19:28:49'),
	(65, 465, 'Jazmin Hintz V', 4, 305, '2023-12-21 19:28:49', '2023-12-21 19:28:49'),
	(66, 466, 'Prof. Kattie Hermiston', 10, 111, '2023-12-21 19:28:49', '2023-12-21 19:28:49'),
	(67, 467, 'Pierre Mueller', 7, 122, '2023-12-21 19:28:49', '2023-12-21 19:28:49'),
	(68, 468, 'Vaughn Romaguera', 10, 382, '2023-12-21 19:28:49', '2023-12-21 19:28:49'),
	(69, 469, 'Mackenzie Moen', 2, 453, '2023-12-21 19:28:49', '2023-12-21 19:28:49'),
	(70, 470, 'Clyde O\'Connell DVM', 7, 3, '2023-12-21 19:28:49', '2023-12-21 19:28:49'),
	(71, 471, 'Kole Harris', 8, 136, '2023-12-21 19:28:49', '2023-12-21 19:28:49'),
	(72, 472, 'Keeley Rosenbaum', 1, 252, '2023-12-21 19:28:49', '2023-12-21 19:28:49'),
	(73, 473, 'Dr. Dante O\'Keefe', 1, 60, '2023-12-21 19:28:49', '2023-12-21 19:28:49'),
	(74, 474, 'Jesus Stokes', 6, 456, '2023-12-21 19:28:49', '2023-12-21 19:28:49'),
	(75, 475, 'Vaughn Romaguera', 4, 382, '2023-12-21 19:28:49', '2023-12-21 19:28:49'),
	(76, 476, 'Garnet Parisian', 8, 223, '2023-12-21 19:28:49', '2023-12-21 19:28:49'),
	(77, 477, 'Prof. Harmony Brakus Sr.', 2, 300, '2023-12-21 19:28:49', '2023-12-21 19:28:49'),
	(78, 478, 'Mr. Dorian King', 1, 306, '2023-12-21 19:28:49', '2023-12-21 19:28:49'),
	(79, 479, 'Rylan Schmeler', 3, 16, '2023-12-21 19:28:49', '2023-12-21 19:28:49'),
	(80, 480, 'Mr. Bertrand McKenzie', 7, 159, '2023-12-21 19:28:49', '2023-12-21 19:28:49'),
	(81, 481, 'Dr. Adriana Hoppe', 9, 322, '2023-12-21 19:28:49', '2023-12-21 19:28:49'),
	(82, 482, 'Delta Franecki', 11, 230, '2023-12-21 19:28:49', '2023-12-21 19:28:49'),
	(83, 483, 'Mrs. Mellie Cummerata', 8, 336, '2023-12-21 19:28:49', '2023-12-21 19:28:49'),
	(84, 484, 'Zoe Terry', 5, 289, '2023-12-21 19:28:49', '2023-12-21 19:28:49'),
	(85, 485, 'Lura Beatty I', 5, 329, '2023-12-21 19:28:49', '2023-12-21 19:28:49'),
	(86, 486, 'Johan Jacobson', 10, 140, '2023-12-21 19:28:49', '2023-12-21 19:28:49'),
	(87, 487, 'Felix Schiller', 7, 195, '2023-12-21 19:28:49', '2023-12-21 19:28:49'),
	(88, 488, 'Noemie Schuppe II', 12, 126, '2023-12-21 19:28:49', '2023-12-21 19:28:49'),
	(89, 489, 'Paula Strosin', 5, 346, '2023-12-21 19:28:49', '2023-12-21 19:28:49'),
	(90, 490, 'Greyson Rempel', 10, 100, '2023-12-21 19:28:49', '2023-12-21 19:28:49'),
	(91, 491, 'Greg Schaefer', 13, 250, '2023-12-21 19:28:49', '2023-12-21 19:28:49'),
	(92, 492, 'Christ Purdy DDS', 8, 4, '2023-12-21 19:28:49', '2023-12-21 19:28:49'),
	(93, 493, 'Prof. Hayley Gaylord Sr.', 12, 55, '2023-12-21 19:28:49', '2023-12-21 19:28:49'),
	(94, 494, 'Dr. Adriana Hoppe', 8, 322, '2023-12-21 19:28:49', '2023-12-21 19:28:49'),
	(95, 495, 'Shemar Stehr', 2, 272, '2023-12-21 19:28:49', '2023-12-21 19:28:49'),
	(96, 496, 'Miss Abigale O\'Conner III', 13, 53, '2023-12-21 19:28:49', '2023-12-21 19:28:49'),
	(97, 497, 'Miss Karine Fay MD', 12, 144, '2023-12-21 19:28:49', '2023-12-21 19:28:49'),
	(98, 498, 'Doug Wiegand DVM', 6, 66, '2023-12-21 19:28:49', '2023-12-21 19:28:49'),
	(99, 499, 'Eusebio Wilderman', 1, 276, '2023-12-21 19:28:49', '2023-12-21 19:28:49'),
	(100, 500, 'Boyd Durgan', 13, 92, '2023-12-21 19:28:49', '2023-12-21 19:28:49');

-- Dumping structure for table laravel_test.migrations
DROP TABLE IF EXISTS `migrations`;
CREATE TABLE IF NOT EXISTS `migrations` (
  `id` int(10) unsigned NOT NULL AUTO_INCREMENT,
  `migration` varchar(255) NOT NULL,
  `batch` int(11) NOT NULL,
  PRIMARY KEY (`id`)
) ENGINE=InnoDB AUTO_INCREMENT=7 DEFAULT CHARSET=utf8mb4 COLLATE=utf8mb4_unicode_ci;

-- Dumping data for table laravel_test.migrations: ~6 rows (approximately)
DELETE FROM `migrations`;
INSERT INTO `migrations` (`id`, `migration`, `batch`) VALUES
	(1, '2014_10_12_000000_create_users_table', 1),
	(2, '2014_10_12_100000_create_password_reset_tokens_table', 1),
	(3, '2019_08_19_000000_create_failed_jobs_table', 1),
	(4, '2019_12_14_000001_create_personal_access_tokens_table', 1),
	(5, '2023_12_21_190018_create_relationships_table', 2),
	(6, '2023_12_21_190236_create_family_members_table', 3);

-- Dumping structure for table laravel_test.password_reset_tokens
DROP TABLE IF EXISTS `password_reset_tokens`;
CREATE TABLE IF NOT EXISTS `password_reset_tokens` (
  `email` varchar(255) NOT NULL,
  `token` varchar(255) NOT NULL,
  `created_at` timestamp NULL DEFAULT NULL,
  PRIMARY KEY (`email`)
) ENGINE=InnoDB DEFAULT CHARSET=utf8mb4 COLLATE=utf8mb4_unicode_ci;

-- Dumping data for table laravel_test.password_reset_tokens: ~0 rows (approximately)
DELETE FROM `password_reset_tokens`;

-- Dumping structure for table laravel_test.personal_access_tokens
DROP TABLE IF EXISTS `personal_access_tokens`;
CREATE TABLE IF NOT EXISTS `personal_access_tokens` (
  `id` bigint(20) unsigned NOT NULL AUTO_INCREMENT,
  `tokenable_type` varchar(255) NOT NULL,
  `tokenable_id` bigint(20) unsigned NOT NULL,
  `name` varchar(255) NOT NULL,
  `token` varchar(64) NOT NULL,
  `abilities` text DEFAULT NULL,
  `last_used_at` timestamp NULL DEFAULT NULL,
  `expires_at` timestamp NULL DEFAULT NULL,
  `created_at` timestamp NULL DEFAULT NULL,
  `updated_at` timestamp NULL DEFAULT NULL,
  PRIMARY KEY (`id`),
  UNIQUE KEY `personal_access_tokens_token_unique` (`token`),
  KEY `personal_access_tokens_tokenable_type_tokenable_id_index` (`tokenable_type`,`tokenable_id`)
) ENGINE=InnoDB DEFAULT CHARSET=utf8mb4 COLLATE=utf8mb4_unicode_ci;

-- Dumping data for table laravel_test.personal_access_tokens: ~0 rows (approximately)
DELETE FROM `personal_access_tokens`;

-- Dumping structure for table laravel_test.relationships
DROP TABLE IF EXISTS `relationships`;
CREATE TABLE IF NOT EXISTS `relationships` (
  `id` bigint(20) unsigned NOT NULL AUTO_INCREMENT,
  `name` varchar(255) NOT NULL,
  `created_at` timestamp NULL DEFAULT NULL,
  `updated_at` timestamp NULL DEFAULT NULL,
  PRIMARY KEY (`id`)
) ENGINE=InnoDB AUTO_INCREMENT=14 DEFAULT CHARSET=utf8mb4 COLLATE=utf8mb4_unicode_ci;

-- Dumping data for table laravel_test.relationships: ~13 rows (approximately)
DELETE FROM `relationships`;
INSERT INTO `relationships` (`id`, `name`, `created_at`, `updated_at`) VALUES
	(1, 'Mother', '2023-12-21 18:46:35', '2023-12-21 18:46:35'),
	(2, 'Father', '2023-12-21 18:46:35', '2023-12-21 18:46:35'),
	(3, 'Brother', '2023-12-21 18:46:35', '2023-12-21 18:46:35'),
	(4, 'Sister', '2023-12-21 18:46:35', '2023-12-21 18:46:35'),
	(5, 'Son', '2023-12-21 18:46:35', '2023-12-21 18:46:35'),
	(6, 'Daughter', '2023-12-21 18:46:35', '2023-12-21 18:46:35'),
	(7, 'Husband', '2023-12-21 18:46:35', '2023-12-21 18:46:35'),
	(8, 'Wife', '2023-12-21 18:46:35', '2023-12-21 18:46:35'),
	(9, 'Grandmother', '2023-12-21 18:46:35', '2023-12-21 18:46:35'),
	(10, 'Grandfather', '2023-12-21 18:46:35', '2023-12-21 18:46:35'),
	(11, 'Uncle', '2023-12-21 18:46:35', '2023-12-21 18:46:35'),
	(12, 'Aunt', '2023-12-21 18:46:35', '2023-12-21 18:46:35'),
	(13, 'Niece', '2023-12-21 18:46:35', '2023-12-21 18:46:35');

-- Dumping structure for table laravel_test.users
DROP TABLE IF EXISTS `users`;
CREATE TABLE IF NOT EXISTS `users` (
  `id` bigint(20) unsigned NOT NULL AUTO_INCREMENT,
  `name` varchar(255) NOT NULL,
  `email` varchar(255) NOT NULL,
  `email_verified_at` timestamp NULL DEFAULT NULL,
  `password` varchar(255) NOT NULL,
  `remember_token` varchar(100) DEFAULT NULL,
  `created_at` timestamp NULL DEFAULT NULL,
  `updated_at` timestamp NULL DEFAULT NULL,
  PRIMARY KEY (`id`),
  UNIQUE KEY `users_email_unique` (`email`)
) ENGINE=InnoDB AUTO_INCREMENT=501 DEFAULT CHARSET=utf8mb4 COLLATE=utf8mb4_unicode_ci;

-- Dumping data for table laravel_test.users: ~500 rows (approximately)
DELETE FROM `users`;
INSERT INTO `users` (`id`, `name`, `email`, `email_verified_at`, `password`, `remember_token`, `created_at`, `updated_at`) VALUES
	(1, 'Prof. Stevie Miller', 'nathen.stamm@example.org', '2023-12-21 08:57:00', '$2y$12$d.bOVMZm9O9oGriOJnyO3uwNQ8fVD/MrUT6t292MWKe6DePzbKvxa', 'Vw5lbFsvc7', '2023-12-21 08:57:01', '2023-12-21 08:57:01'),
	(2, 'Felicity Boyle', 'vstehr@example.net', '2023-12-21 08:57:01', '$2y$12$d.bOVMZm9O9oGriOJnyO3uwNQ8fVD/MrUT6t292MWKe6DePzbKvxa', 'J6Z79Fxuki', '2023-12-21 08:57:01', '2023-12-21 08:57:01'),
	(3, 'Clyde O\'Connell DVM', 'hills.frida@example.com', '2023-12-21 08:57:01', '$2y$12$d.bOVMZm9O9oGriOJnyO3uwNQ8fVD/MrUT6t292MWKe6DePzbKvxa', 'CrsSUdbvik', '2023-12-21 08:57:01', '2023-12-21 08:57:01'),
	(4, 'Christ Purdy DDS', 'percival40@example.com', '2023-12-21 08:57:01', '$2y$12$d.bOVMZm9O9oGriOJnyO3uwNQ8fVD/MrUT6t292MWKe6DePzbKvxa', 'wuIhxX6xiO', '2023-12-21 08:57:01', '2023-12-21 08:57:01'),
	(5, 'Rosie Jenkins', 'raegan.kessler@example.com', '2023-12-21 08:57:01', '$2y$12$d.bOVMZm9O9oGriOJnyO3uwNQ8fVD/MrUT6t292MWKe6DePzbKvxa', 'AAPlelZnjv', '2023-12-21 08:57:01', '2023-12-21 08:57:01'),
	(6, 'Dr. Aiden Emmerich', 'ian.weissnat@example.org', '2023-12-21 08:57:01', '$2y$12$d.bOVMZm9O9oGriOJnyO3uwNQ8fVD/MrUT6t292MWKe6DePzbKvxa', 'hodP8qiKxT', '2023-12-21 08:57:01', '2023-12-21 08:57:01'),
	(7, 'Cortney Kunze', 'nschneider@example.org', '2023-12-21 08:57:01', '$2y$12$d.bOVMZm9O9oGriOJnyO3uwNQ8fVD/MrUT6t292MWKe6DePzbKvxa', 'ppQ85fX8Bk', '2023-12-21 08:57:01', '2023-12-21 08:57:01'),
	(8, 'Dr. Floy Hilpert', 'agutmann@example.net', '2023-12-21 08:57:01', '$2y$12$d.bOVMZm9O9oGriOJnyO3uwNQ8fVD/MrUT6t292MWKe6DePzbKvxa', 'PvlSXiOgXm', '2023-12-21 08:57:01', '2023-12-21 08:57:01'),
	(9, 'Kelsi Orn', 'gdenesik@example.org', '2023-12-21 08:57:01', '$2y$12$d.bOVMZm9O9oGriOJnyO3uwNQ8fVD/MrUT6t292MWKe6DePzbKvxa', 'vDKwz8iKgy', '2023-12-21 08:57:01', '2023-12-21 08:57:01'),
	(10, 'Prof. Bryce Collier MD', 'jonatan.haley@example.com', '2023-12-21 08:57:01', '$2y$12$d.bOVMZm9O9oGriOJnyO3uwNQ8fVD/MrUT6t292MWKe6DePzbKvxa', 'n90YEojzvF', '2023-12-21 08:57:01', '2023-12-21 08:57:01'),
	(11, 'Bettie Williamson', 'stiedemann.clemens@example.net', '2023-12-21 08:57:01', '$2y$12$d.bOVMZm9O9oGriOJnyO3uwNQ8fVD/MrUT6t292MWKe6DePzbKvxa', 'tr8YWxfpuc', '2023-12-21 08:57:01', '2023-12-21 08:57:01'),
	(12, 'Porter Lowe', 'rhodkiewicz@example.net', '2023-12-21 08:57:01', '$2y$12$d.bOVMZm9O9oGriOJnyO3uwNQ8fVD/MrUT6t292MWKe6DePzbKvxa', '48MdtyqRQk', '2023-12-21 08:57:01', '2023-12-21 08:57:01'),
	(13, 'Van Cremin', 'stanton.sibyl@example.org', '2023-12-21 08:57:01', '$2y$12$d.bOVMZm9O9oGriOJnyO3uwNQ8fVD/MrUT6t292MWKe6DePzbKvxa', 'VNDZ9Uy4UJ', '2023-12-21 08:57:01', '2023-12-21 08:57:01'),
	(14, 'Rosanna Wisozk', 'adolfo.steuber@example.org', '2023-12-21 08:57:01', '$2y$12$d.bOVMZm9O9oGriOJnyO3uwNQ8fVD/MrUT6t292MWKe6DePzbKvxa', 'C2c1Ov0TT2', '2023-12-21 08:57:01', '2023-12-21 08:57:01'),
	(15, 'Thea Prohaska MD', 'billy.turner@example.org', '2023-12-21 08:57:01', '$2y$12$d.bOVMZm9O9oGriOJnyO3uwNQ8fVD/MrUT6t292MWKe6DePzbKvxa', 'AKEnQFX1LM', '2023-12-21 08:57:01', '2023-12-21 08:57:01'),
	(16, 'Rylan Schmeler', 'mante.stanley@example.com', '2023-12-21 08:57:01', '$2y$12$d.bOVMZm9O9oGriOJnyO3uwNQ8fVD/MrUT6t292MWKe6DePzbKvxa', 'pEUAC75hLW', '2023-12-21 08:57:01', '2023-12-21 08:57:01'),
	(17, 'Frederique Kuhlman', 'ghowe@example.net', '2023-12-21 08:57:01', '$2y$12$d.bOVMZm9O9oGriOJnyO3uwNQ8fVD/MrUT6t292MWKe6DePzbKvxa', 'To7oLYZuNl', '2023-12-21 08:57:01', '2023-12-21 08:57:01'),
	(18, 'Wilhelm Gaylord', 'mervin62@example.net', '2023-12-21 08:57:01', '$2y$12$d.bOVMZm9O9oGriOJnyO3uwNQ8fVD/MrUT6t292MWKe6DePzbKvxa', 'gO8beXKVKS', '2023-12-21 08:57:01', '2023-12-21 08:57:01'),
	(19, 'Prof. Katlyn Berge', 'electa.predovic@example.org', '2023-12-21 08:57:01', '$2y$12$d.bOVMZm9O9oGriOJnyO3uwNQ8fVD/MrUT6t292MWKe6DePzbKvxa', '5WjKpsccuq', '2023-12-21 08:57:01', '2023-12-21 08:57:01'),
	(20, 'Maximillia Runte', 'tanya.rosenbaum@example.org', '2023-12-21 08:57:01', '$2y$12$d.bOVMZm9O9oGriOJnyO3uwNQ8fVD/MrUT6t292MWKe6DePzbKvxa', 'd4jo7IVshG', '2023-12-21 08:57:01', '2023-12-21 08:57:01'),
	(21, 'Gina Bauch', 'fritsch.zoe@example.net', '2023-12-21 08:57:01', '$2y$12$d.bOVMZm9O9oGriOJnyO3uwNQ8fVD/MrUT6t292MWKe6DePzbKvxa', 'BjKmmvNXkl', '2023-12-21 08:57:01', '2023-12-21 08:57:01'),
	(22, 'Avis O\'Conner', 'marilie04@example.org', '2023-12-21 08:57:01', '$2y$12$d.bOVMZm9O9oGriOJnyO3uwNQ8fVD/MrUT6t292MWKe6DePzbKvxa', 'mIBWaBEueT', '2023-12-21 08:57:01', '2023-12-21 08:57:01'),
	(23, 'Mark Ryan', 'gulgowski.orville@example.com', '2023-12-21 08:57:01', '$2y$12$d.bOVMZm9O9oGriOJnyO3uwNQ8fVD/MrUT6t292MWKe6DePzbKvxa', '2jis70AGx0', '2023-12-21 08:57:01', '2023-12-21 08:57:01'),
	(24, 'Maureen Reichert', 'becker.tristin@example.net', '2023-12-21 08:57:01', '$2y$12$d.bOVMZm9O9oGriOJnyO3uwNQ8fVD/MrUT6t292MWKe6DePzbKvxa', 'BOvtsbAunq', '2023-12-21 08:57:01', '2023-12-21 08:57:01'),
	(25, 'Miss Odie Spencer IV', 'aiyana.dicki@example.org', '2023-12-21 08:57:01', '$2y$12$d.bOVMZm9O9oGriOJnyO3uwNQ8fVD/MrUT6t292MWKe6DePzbKvxa', 'EafHcFTegG', '2023-12-21 08:57:01', '2023-12-21 08:57:01'),
	(26, 'Jaylen Rowe', 'dwight15@example.org', '2023-12-21 08:57:01', '$2y$12$d.bOVMZm9O9oGriOJnyO3uwNQ8fVD/MrUT6t292MWKe6DePzbKvxa', 'B0RAt5QSrV', '2023-12-21 08:57:01', '2023-12-21 08:57:01'),
	(27, 'Janick Considine II', 'howe.darius@example.org', '2023-12-21 08:57:01', '$2y$12$d.bOVMZm9O9oGriOJnyO3uwNQ8fVD/MrUT6t292MWKe6DePzbKvxa', 'hRYYHPWgdG', '2023-12-21 08:57:01', '2023-12-21 08:57:01'),
	(28, 'Dr. Meda Wilderman', 'justine.kemmer@example.com', '2023-12-21 08:57:01', '$2y$12$d.bOVMZm9O9oGriOJnyO3uwNQ8fVD/MrUT6t292MWKe6DePzbKvxa', '8UYE7yxIBC', '2023-12-21 08:57:01', '2023-12-21 08:57:01'),
	(29, 'Cristobal Hessel', 'jedediah.boehm@example.net', '2023-12-21 08:57:01', '$2y$12$d.bOVMZm9O9oGriOJnyO3uwNQ8fVD/MrUT6t292MWKe6DePzbKvxa', 'XNeFbEUs5O', '2023-12-21 08:57:01', '2023-12-21 08:57:01'),
	(30, 'Delmer Casper', 'gwunsch@example.com', '2023-12-21 08:57:01', '$2y$12$d.bOVMZm9O9oGriOJnyO3uwNQ8fVD/MrUT6t292MWKe6DePzbKvxa', '38CJwDMNWM', '2023-12-21 08:57:01', '2023-12-21 08:57:01'),
	(31, 'Dr. Zachary Ledner Sr.', 'eleazar.bradtke@example.net', '2023-12-21 08:57:01', '$2y$12$d.bOVMZm9O9oGriOJnyO3uwNQ8fVD/MrUT6t292MWKe6DePzbKvxa', 'D1br03oo6G', '2023-12-21 08:57:01', '2023-12-21 08:57:01'),
	(32, 'Dr. Gustave Mertz', 'michael.hettinger@example.net', '2023-12-21 08:57:01', '$2y$12$d.bOVMZm9O9oGriOJnyO3uwNQ8fVD/MrUT6t292MWKe6DePzbKvxa', 'IalrRl4Fw2', '2023-12-21 08:57:01', '2023-12-21 08:57:01'),
	(33, 'Aniyah Barrows', 'gcruickshank@example.org', '2023-12-21 08:57:01', '$2y$12$d.bOVMZm9O9oGriOJnyO3uwNQ8fVD/MrUT6t292MWKe6DePzbKvxa', 'moZzxECQQ1', '2023-12-21 08:57:01', '2023-12-21 08:57:01'),
	(34, 'Kayla Jacobson II', 'aiden.stiedemann@example.org', '2023-12-21 08:57:01', '$2y$12$d.bOVMZm9O9oGriOJnyO3uwNQ8fVD/MrUT6t292MWKe6DePzbKvxa', 'M52PzSN6I6', '2023-12-21 08:57:01', '2023-12-21 08:57:01'),
	(35, 'Joe Borer', 'scollins@example.org', '2023-12-21 08:57:01', '$2y$12$d.bOVMZm9O9oGriOJnyO3uwNQ8fVD/MrUT6t292MWKe6DePzbKvxa', 'GPZeZPpIkv', '2023-12-21 08:57:01', '2023-12-21 08:57:01'),
	(36, 'Trever Herzog', 'plindgren@example.net', '2023-12-21 08:57:01', '$2y$12$d.bOVMZm9O9oGriOJnyO3uwNQ8fVD/MrUT6t292MWKe6DePzbKvxa', 'KPDTJO856V', '2023-12-21 08:57:01', '2023-12-21 08:57:01'),
	(37, 'Prof. Michael Barrows', 'frederique36@example.net', '2023-12-21 08:57:01', '$2y$12$d.bOVMZm9O9oGriOJnyO3uwNQ8fVD/MrUT6t292MWKe6DePzbKvxa', 'JVlDkHi77w', '2023-12-21 08:57:01', '2023-12-21 08:57:01'),
	(38, 'Harry Cole DVM', 'breitenberg.dedric@example.net', '2023-12-21 08:57:01', '$2y$12$d.bOVMZm9O9oGriOJnyO3uwNQ8fVD/MrUT6t292MWKe6DePzbKvxa', '64g3GqC8u8', '2023-12-21 08:57:01', '2023-12-21 08:57:01'),
	(39, 'Wilma Murazik', 'nina.mann@example.net', '2023-12-21 08:57:01', '$2y$12$d.bOVMZm9O9oGriOJnyO3uwNQ8fVD/MrUT6t292MWKe6DePzbKvxa', 'Yy9pLw1nPM', '2023-12-21 08:57:01', '2023-12-21 08:57:01'),
	(40, 'Mrs. Janis Hand II', 'jamaal.grant@example.com', '2023-12-21 08:57:01', '$2y$12$d.bOVMZm9O9oGriOJnyO3uwNQ8fVD/MrUT6t292MWKe6DePzbKvxa', 'YCwOUGMpYM', '2023-12-21 08:57:01', '2023-12-21 08:57:01'),
	(41, 'Joan Blick', 'gerhold.lela@example.com', '2023-12-21 08:57:01', '$2y$12$d.bOVMZm9O9oGriOJnyO3uwNQ8fVD/MrUT6t292MWKe6DePzbKvxa', 'vkxlPviimK', '2023-12-21 08:57:01', '2023-12-21 08:57:01'),
	(42, 'Benton Witting', 'jamil30@example.org', '2023-12-21 08:57:01', '$2y$12$d.bOVMZm9O9oGriOJnyO3uwNQ8fVD/MrUT6t292MWKe6DePzbKvxa', 'D2X0bnUNot', '2023-12-21 08:57:01', '2023-12-21 08:57:01'),
	(43, 'Isabel Watsica', 'talia47@example.org', '2023-12-21 08:57:01', '$2y$12$d.bOVMZm9O9oGriOJnyO3uwNQ8fVD/MrUT6t292MWKe6DePzbKvxa', 'SeEjuCycOi', '2023-12-21 08:57:01', '2023-12-21 08:57:01'),
	(44, 'Ms. Joyce Bogisich III', 'dickinson.dovie@example.com', '2023-12-21 08:57:01', '$2y$12$d.bOVMZm9O9oGriOJnyO3uwNQ8fVD/MrUT6t292MWKe6DePzbKvxa', 'TC7HQcE4RH', '2023-12-21 08:57:01', '2023-12-21 08:57:01'),
	(45, 'Prof. Demetrius Block MD', 'franco09@example.net', '2023-12-21 08:57:01', '$2y$12$d.bOVMZm9O9oGriOJnyO3uwNQ8fVD/MrUT6t292MWKe6DePzbKvxa', 'HNaBH37wNr', '2023-12-21 08:57:01', '2023-12-21 08:57:01'),
	(46, 'Sophie Casper', 'dianna49@example.com', '2023-12-21 08:57:01', '$2y$12$d.bOVMZm9O9oGriOJnyO3uwNQ8fVD/MrUT6t292MWKe6DePzbKvxa', 'ILsMSkDgy9', '2023-12-21 08:57:01', '2023-12-21 08:57:01'),
	(47, 'Dr. Kasandra Shanahan', 'bartell.audrey@example.com', '2023-12-21 08:57:01', '$2y$12$d.bOVMZm9O9oGriOJnyO3uwNQ8fVD/MrUT6t292MWKe6DePzbKvxa', 'NGgpO0jJHl', '2023-12-21 08:57:01', '2023-12-21 08:57:01'),
	(48, 'Faustino Bode', 'colin84@example.org', '2023-12-21 08:57:01', '$2y$12$d.bOVMZm9O9oGriOJnyO3uwNQ8fVD/MrUT6t292MWKe6DePzbKvxa', 'W1gmlV1xiH', '2023-12-21 08:57:01', '2023-12-21 08:57:01'),
	(49, 'Prof. Destiney Kertzmann', 'lucius.kreiger@example.org', '2023-12-21 08:57:01', '$2y$12$d.bOVMZm9O9oGriOJnyO3uwNQ8fVD/MrUT6t292MWKe6DePzbKvxa', 'onoEIoPCWb', '2023-12-21 08:57:01', '2023-12-21 08:57:01'),
	(50, 'Wilfred Dach', 'maybelle42@example.com', '2023-12-21 08:57:01', '$2y$12$d.bOVMZm9O9oGriOJnyO3uwNQ8fVD/MrUT6t292MWKe6DePzbKvxa', 'lNjOcNCyc6', '2023-12-21 08:57:01', '2023-12-21 08:57:01'),
	(51, 'Isabella Barton', 'helena45@example.org', '2023-12-21 08:57:01', '$2y$12$d.bOVMZm9O9oGriOJnyO3uwNQ8fVD/MrUT6t292MWKe6DePzbKvxa', 'b6YxoOPiDW', '2023-12-21 08:57:01', '2023-12-21 08:57:01'),
	(52, 'Melany O\'Conner', 'rickie.tillman@example.com', '2023-12-21 08:57:01', '$2y$12$d.bOVMZm9O9oGriOJnyO3uwNQ8fVD/MrUT6t292MWKe6DePzbKvxa', 'tlBN0CtzNV', '2023-12-21 08:57:01', '2023-12-21 08:57:01'),
	(53, 'Miss Abigale O\'Conner III', 'amir82@example.net', '2023-12-21 08:57:01', '$2y$12$d.bOVMZm9O9oGriOJnyO3uwNQ8fVD/MrUT6t292MWKe6DePzbKvxa', 'xJFtgUtonm', '2023-12-21 08:57:01', '2023-12-21 08:57:01'),
	(54, 'Alessandra O\'Hara', 'kwolff@example.org', '2023-12-21 08:57:01', '$2y$12$d.bOVMZm9O9oGriOJnyO3uwNQ8fVD/MrUT6t292MWKe6DePzbKvxa', 'ezkU6wFuEY', '2023-12-21 08:57:01', '2023-12-21 08:57:01'),
	(55, 'Prof. Hayley Gaylord Sr.', 'kamron.mertz@example.com', '2023-12-21 08:57:01', '$2y$12$d.bOVMZm9O9oGriOJnyO3uwNQ8fVD/MrUT6t292MWKe6DePzbKvxa', 'ul6z6hqGT9', '2023-12-21 08:57:01', '2023-12-21 08:57:01'),
	(56, 'Isabelle Johnston', 'ffeil@example.org', '2023-12-21 08:57:01', '$2y$12$d.bOVMZm9O9oGriOJnyO3uwNQ8fVD/MrUT6t292MWKe6DePzbKvxa', 'BfXmfwxAkf', '2023-12-21 08:57:01', '2023-12-21 08:57:01'),
	(57, 'Miss Margie Wiza', 'dejuan82@example.net', '2023-12-21 08:57:01', '$2y$12$d.bOVMZm9O9oGriOJnyO3uwNQ8fVD/MrUT6t292MWKe6DePzbKvxa', 'wW9NdoVKgQ', '2023-12-21 08:57:01', '2023-12-21 08:57:01'),
	(58, 'Dr. Justus Brakus III', 'alexa29@example.net', '2023-12-21 08:57:01', '$2y$12$d.bOVMZm9O9oGriOJnyO3uwNQ8fVD/MrUT6t292MWKe6DePzbKvxa', 'rTWhgaCXXK', '2023-12-21 08:57:01', '2023-12-21 08:57:01'),
	(59, 'Prof. Nathanial Lehner', 'grady.weissnat@example.com', '2023-12-21 08:57:01', '$2y$12$d.bOVMZm9O9oGriOJnyO3uwNQ8fVD/MrUT6t292MWKe6DePzbKvxa', 'huAOVpjFXR', '2023-12-21 08:57:01', '2023-12-21 08:57:01'),
	(60, 'Dr. Dante O\'Keefe', 'hschulist@example.org', '2023-12-21 08:57:01', '$2y$12$d.bOVMZm9O9oGriOJnyO3uwNQ8fVD/MrUT6t292MWKe6DePzbKvxa', 'U5NJvjPlVn', '2023-12-21 08:57:01', '2023-12-21 08:57:01'),
	(61, 'Kian Frami', 'rigoberto.howell@example.net', '2023-12-21 08:57:01', '$2y$12$d.bOVMZm9O9oGriOJnyO3uwNQ8fVD/MrUT6t292MWKe6DePzbKvxa', 'viKCpdYoes', '2023-12-21 08:57:01', '2023-12-21 08:57:01'),
	(62, 'Margret Walker', 'cremin.cecilia@example.org', '2023-12-21 08:57:01', '$2y$12$d.bOVMZm9O9oGriOJnyO3uwNQ8fVD/MrUT6t292MWKe6DePzbKvxa', 'XYoKrbUY7Y', '2023-12-21 08:57:01', '2023-12-21 08:57:01'),
	(63, 'Prof. Gertrude Parker PhD', 'edd.ledner@example.org', '2023-12-21 08:57:01', '$2y$12$d.bOVMZm9O9oGriOJnyO3uwNQ8fVD/MrUT6t292MWKe6DePzbKvxa', 'vo8yhcoNm9', '2023-12-21 08:57:01', '2023-12-21 08:57:01'),
	(64, 'Isac Cruickshank', 'yrolfson@example.com', '2023-12-21 08:57:01', '$2y$12$d.bOVMZm9O9oGriOJnyO3uwNQ8fVD/MrUT6t292MWKe6DePzbKvxa', 'lqqSVUT3rh', '2023-12-21 08:57:01', '2023-12-21 08:57:01'),
	(65, 'Dr. Roma Mann DDS', 'hill.maximilian@example.com', '2023-12-21 08:57:01', '$2y$12$d.bOVMZm9O9oGriOJnyO3uwNQ8fVD/MrUT6t292MWKe6DePzbKvxa', 'uvf9NxjsKG', '2023-12-21 08:57:01', '2023-12-21 08:57:01'),
	(66, 'Doug Wiegand DVM', 'yoshiko82@example.com', '2023-12-21 08:57:01', '$2y$12$d.bOVMZm9O9oGriOJnyO3uwNQ8fVD/MrUT6t292MWKe6DePzbKvxa', 'OEdBYV5Dqt', '2023-12-21 08:57:01', '2023-12-21 08:57:01'),
	(67, 'Zechariah Wolff PhD', 'jess69@example.com', '2023-12-21 08:57:01', '$2y$12$d.bOVMZm9O9oGriOJnyO3uwNQ8fVD/MrUT6t292MWKe6DePzbKvxa', 'X3Xb6OovPA', '2023-12-21 08:57:01', '2023-12-21 08:57:01'),
	(68, 'Dr. Aniyah Bartell', 'schultz.jacey@example.net', '2023-12-21 08:57:01', '$2y$12$d.bOVMZm9O9oGriOJnyO3uwNQ8fVD/MrUT6t292MWKe6DePzbKvxa', 'McPQTfpyDw', '2023-12-21 08:57:01', '2023-12-21 08:57:01'),
	(69, 'Jewel Dooley', 'buckridge.rhett@example.net', '2023-12-21 08:57:01', '$2y$12$d.bOVMZm9O9oGriOJnyO3uwNQ8fVD/MrUT6t292MWKe6DePzbKvxa', 'GsqDGxNHmt', '2023-12-21 08:57:01', '2023-12-21 08:57:01'),
	(70, 'Myles Becker', 'rylee59@example.org', '2023-12-21 08:57:01', '$2y$12$d.bOVMZm9O9oGriOJnyO3uwNQ8fVD/MrUT6t292MWKe6DePzbKvxa', 'kmlw6Yoy8h', '2023-12-21 08:57:01', '2023-12-21 08:57:01'),
	(71, 'Maryjane Ledner', 'zulauf.ora@example.com', '2023-12-21 08:57:01', '$2y$12$d.bOVMZm9O9oGriOJnyO3uwNQ8fVD/MrUT6t292MWKe6DePzbKvxa', 'HYJcI3exBA', '2023-12-21 08:57:01', '2023-12-21 08:57:01'),
	(72, 'Prof. Adam Beatty V', 'rutherford.hillary@example.org', '2023-12-21 08:57:01', '$2y$12$d.bOVMZm9O9oGriOJnyO3uwNQ8fVD/MrUT6t292MWKe6DePzbKvxa', 'b4JOqiXhxu', '2023-12-21 08:57:01', '2023-12-21 08:57:01'),
	(73, 'Carlie Dach', 'idibbert@example.net', '2023-12-21 08:57:01', '$2y$12$d.bOVMZm9O9oGriOJnyO3uwNQ8fVD/MrUT6t292MWKe6DePzbKvxa', 'b49kudGNO5', '2023-12-21 08:57:01', '2023-12-21 08:57:01'),
	(74, 'Malika Reynolds', 'carter.kerluke@example.org', '2023-12-21 08:57:01', '$2y$12$d.bOVMZm9O9oGriOJnyO3uwNQ8fVD/MrUT6t292MWKe6DePzbKvxa', 'Nv4D3wU9pb', '2023-12-21 08:57:01', '2023-12-21 08:57:01'),
	(75, 'Karlee Kihn', 'lempi95@example.com', '2023-12-21 08:57:01', '$2y$12$d.bOVMZm9O9oGriOJnyO3uwNQ8fVD/MrUT6t292MWKe6DePzbKvxa', 'fz1A6oINNE', '2023-12-21 08:57:01', '2023-12-21 08:57:01'),
	(76, 'Alexandrine Boyer', 'ritchie.jerrold@example.com', '2023-12-21 08:57:01', '$2y$12$d.bOVMZm9O9oGriOJnyO3uwNQ8fVD/MrUT6t292MWKe6DePzbKvxa', '6Xufd7uMGf', '2023-12-21 08:57:01', '2023-12-21 08:57:01'),
	(77, 'Ruthe Zieme', 'stanton.batz@example.org', '2023-12-21 08:57:01', '$2y$12$d.bOVMZm9O9oGriOJnyO3uwNQ8fVD/MrUT6t292MWKe6DePzbKvxa', '5FQwGwvo7a', '2023-12-21 08:57:01', '2023-12-21 08:57:01'),
	(78, 'Providenci Torphy', 'kroob@example.com', '2023-12-21 08:57:01', '$2y$12$d.bOVMZm9O9oGriOJnyO3uwNQ8fVD/MrUT6t292MWKe6DePzbKvxa', 'BIhFtP5jZX', '2023-12-21 08:57:01', '2023-12-21 08:57:01'),
	(79, 'Fleta Sipes', 'germaine84@example.net', '2023-12-21 08:57:01', '$2y$12$d.bOVMZm9O9oGriOJnyO3uwNQ8fVD/MrUT6t292MWKe6DePzbKvxa', 'insbX6m6r7', '2023-12-21 08:57:01', '2023-12-21 08:57:01'),
	(80, 'Dr. Gardner Quitzon', 'gorczany.linwood@example.com', '2023-12-21 08:57:01', '$2y$12$d.bOVMZm9O9oGriOJnyO3uwNQ8fVD/MrUT6t292MWKe6DePzbKvxa', 'xLqdUoQMVL', '2023-12-21 08:57:01', '2023-12-21 08:57:01'),
	(81, 'Alysa Schoen Jr.', 'xmiller@example.com', '2023-12-21 08:57:01', '$2y$12$d.bOVMZm9O9oGriOJnyO3uwNQ8fVD/MrUT6t292MWKe6DePzbKvxa', 'xaM4uCd5Xq', '2023-12-21 08:57:01', '2023-12-21 08:57:01'),
	(82, 'Cheyenne Stark', 'fhudson@example.net', '2023-12-21 08:57:01', '$2y$12$d.bOVMZm9O9oGriOJnyO3uwNQ8fVD/MrUT6t292MWKe6DePzbKvxa', 'e075fArBIC', '2023-12-21 08:57:01', '2023-12-21 08:57:01'),
	(83, 'Ila Rice', 'mathew.price@example.net', '2023-12-21 08:57:01', '$2y$12$d.bOVMZm9O9oGriOJnyO3uwNQ8fVD/MrUT6t292MWKe6DePzbKvxa', 'D6AdD7hJWq', '2023-12-21 08:57:01', '2023-12-21 08:57:01'),
	(84, 'Autumn Sawayn II', 'dcassin@example.com', '2023-12-21 08:57:01', '$2y$12$d.bOVMZm9O9oGriOJnyO3uwNQ8fVD/MrUT6t292MWKe6DePzbKvxa', 'pyFlBUqw4Q', '2023-12-21 08:57:01', '2023-12-21 08:57:01'),
	(85, 'Orin Pollich', 'destin14@example.net', '2023-12-21 08:57:01', '$2y$12$d.bOVMZm9O9oGriOJnyO3uwNQ8fVD/MrUT6t292MWKe6DePzbKvxa', 'D39M42iwJ6', '2023-12-21 08:57:01', '2023-12-21 08:57:01'),
	(86, 'Dr. John Turcotte III', 'manley95@example.com', '2023-12-21 08:57:01', '$2y$12$d.bOVMZm9O9oGriOJnyO3uwNQ8fVD/MrUT6t292MWKe6DePzbKvxa', '5JtQU0odmA', '2023-12-21 08:57:01', '2023-12-21 08:57:01'),
	(87, 'Ahmad Ryan', 'melba03@example.net', '2023-12-21 08:57:01', '$2y$12$d.bOVMZm9O9oGriOJnyO3uwNQ8fVD/MrUT6t292MWKe6DePzbKvxa', 'BU819UarHC', '2023-12-21 08:57:01', '2023-12-21 08:57:01'),
	(88, 'Trevor Labadie', 'qterry@example.net', '2023-12-21 08:57:01', '$2y$12$d.bOVMZm9O9oGriOJnyO3uwNQ8fVD/MrUT6t292MWKe6DePzbKvxa', 'ODMuLnBDt0', '2023-12-21 08:57:01', '2023-12-21 08:57:01'),
	(89, 'Lora Windler', 'demetrius99@example.net', '2023-12-21 08:57:01', '$2y$12$d.bOVMZm9O9oGriOJnyO3uwNQ8fVD/MrUT6t292MWKe6DePzbKvxa', 'm2QE1ySbCb', '2023-12-21 08:57:01', '2023-12-21 08:57:01'),
	(90, 'Mae Klocko', 'batz.naomie@example.com', '2023-12-21 08:57:01', '$2y$12$d.bOVMZm9O9oGriOJnyO3uwNQ8fVD/MrUT6t292MWKe6DePzbKvxa', 'eu6yxU9iSF', '2023-12-21 08:57:01', '2023-12-21 08:57:01'),
	(91, 'Prof. Crawford Kub DVM', 'hoeger.grayson@example.org', '2023-12-21 08:57:01', '$2y$12$d.bOVMZm9O9oGriOJnyO3uwNQ8fVD/MrUT6t292MWKe6DePzbKvxa', 'JWxdyRVx4D', '2023-12-21 08:57:01', '2023-12-21 08:57:01'),
	(92, 'Boyd Durgan', 'haylee.feil@example.net', '2023-12-21 08:57:01', '$2y$12$d.bOVMZm9O9oGriOJnyO3uwNQ8fVD/MrUT6t292MWKe6DePzbKvxa', 'JHRZqdVBcE', '2023-12-21 08:57:01', '2023-12-21 08:57:01'),
	(93, 'Elda Harris Jr.', 'zemlak.rosalee@example.net', '2023-12-21 08:57:01', '$2y$12$d.bOVMZm9O9oGriOJnyO3uwNQ8fVD/MrUT6t292MWKe6DePzbKvxa', '4z9KkLZiQw', '2023-12-21 08:57:01', '2023-12-21 08:57:01'),
	(94, 'Jedidiah Konopelski PhD', 'hammes.florine@example.org', '2023-12-21 08:57:01', '$2y$12$d.bOVMZm9O9oGriOJnyO3uwNQ8fVD/MrUT6t292MWKe6DePzbKvxa', 'OhRIp4iuoK', '2023-12-21 08:57:01', '2023-12-21 08:57:01'),
	(95, 'Prof. Desmond Thiel', 'yarmstrong@example.com', '2023-12-21 08:57:01', '$2y$12$d.bOVMZm9O9oGriOJnyO3uwNQ8fVD/MrUT6t292MWKe6DePzbKvxa', 'Ah5kZnuV8p', '2023-12-21 08:57:01', '2023-12-21 08:57:01'),
	(96, 'Brendon Littel', 'jayce72@example.org', '2023-12-21 08:57:01', '$2y$12$d.bOVMZm9O9oGriOJnyO3uwNQ8fVD/MrUT6t292MWKe6DePzbKvxa', '3RudNlh4Qh', '2023-12-21 08:57:01', '2023-12-21 08:57:01'),
	(97, 'Alice Stanton', 'ochristiansen@example.com', '2023-12-21 08:57:01', '$2y$12$d.bOVMZm9O9oGriOJnyO3uwNQ8fVD/MrUT6t292MWKe6DePzbKvxa', 'gq5lRVBdml', '2023-12-21 08:57:01', '2023-12-21 08:57:01'),
	(98, 'Joany Altenwerth III', 'heloise.kohler@example.com', '2023-12-21 08:57:01', '$2y$12$d.bOVMZm9O9oGriOJnyO3uwNQ8fVD/MrUT6t292MWKe6DePzbKvxa', '9NPUbHi9Am', '2023-12-21 08:57:01', '2023-12-21 08:57:01'),
	(99, 'Turner Jerde', 'xander.beer@example.com', '2023-12-21 08:57:01', '$2y$12$d.bOVMZm9O9oGriOJnyO3uwNQ8fVD/MrUT6t292MWKe6DePzbKvxa', 'jizW9Ax5aT', '2023-12-21 08:57:01', '2023-12-21 08:57:01'),
	(100, 'Greyson Rempel', 'zgleason@example.net', '2023-12-21 08:57:01', '$2y$12$d.bOVMZm9O9oGriOJnyO3uwNQ8fVD/MrUT6t292MWKe6DePzbKvxa', 'cCeTIhOpHs', '2023-12-21 08:57:01', '2023-12-21 08:57:01'),
	(101, 'Prof. Gene Beahan', 'makayla.maggio@example.com', '2023-12-21 19:15:51', '$2y$12$UD8Enpg83FxER5zpZbcnWe48EMkCeIhL.PsYvFMjuCOlQF8fvLa7.', 'lqw0tNFiR0', '2023-12-21 19:15:51', '2023-12-21 19:15:51'),
	(102, 'Doris Bashirian', 'amedhurst@example.net', '2023-12-21 19:15:51', '$2y$12$UD8Enpg83FxER5zpZbcnWe48EMkCeIhL.PsYvFMjuCOlQF8fvLa7.', '1pZ9CZFlNk', '2023-12-21 19:15:51', '2023-12-21 19:15:51'),
	(103, 'Carolyne Willms', 'rippin.olaf@example.com', '2023-12-21 19:15:51', '$2y$12$UD8Enpg83FxER5zpZbcnWe48EMkCeIhL.PsYvFMjuCOlQF8fvLa7.', 'jzr1OG4aDr', '2023-12-21 19:15:51', '2023-12-21 19:15:51'),
	(104, 'Murl Jaskolski Sr.', 'graham.lafayette@example.net', '2023-12-21 19:15:51', '$2y$12$UD8Enpg83FxER5zpZbcnWe48EMkCeIhL.PsYvFMjuCOlQF8fvLa7.', 'ntccYWCWw1', '2023-12-21 19:15:51', '2023-12-21 19:15:51'),
	(105, 'Prof. Elton Dicki I', 'swaniawski.raquel@example.org', '2023-12-21 19:15:51', '$2y$12$UD8Enpg83FxER5zpZbcnWe48EMkCeIhL.PsYvFMjuCOlQF8fvLa7.', 'LruBQ9ymY3', '2023-12-21 19:15:51', '2023-12-21 19:15:51'),
	(106, 'Mrs. Viva Bernhard II', 'casimer.funk@example.com', '2023-12-21 19:15:51', '$2y$12$UD8Enpg83FxER5zpZbcnWe48EMkCeIhL.PsYvFMjuCOlQF8fvLa7.', 'ytaMBpQrYT', '2023-12-21 19:15:51', '2023-12-21 19:15:51'),
	(107, 'Pierce Bednar DVM', 'noconner@example.org', '2023-12-21 19:15:51', '$2y$12$UD8Enpg83FxER5zpZbcnWe48EMkCeIhL.PsYvFMjuCOlQF8fvLa7.', 'pM3e1YBwBw', '2023-12-21 19:15:51', '2023-12-21 19:15:51'),
	(108, 'Rosa Harvey', 'xgoldner@example.org', '2023-12-21 19:15:51', '$2y$12$UD8Enpg83FxER5zpZbcnWe48EMkCeIhL.PsYvFMjuCOlQF8fvLa7.', '6KnrDi3IUS', '2023-12-21 19:15:51', '2023-12-21 19:15:51'),
	(109, 'Marion Barton', 'smitham.shea@example.org', '2023-12-21 19:15:51', '$2y$12$UD8Enpg83FxER5zpZbcnWe48EMkCeIhL.PsYvFMjuCOlQF8fvLa7.', '06bmwfMy0W', '2023-12-21 19:15:51', '2023-12-21 19:15:51'),
	(110, 'Lisette Bechtelar', 'felicity.lehner@example.net', '2023-12-21 19:15:51', '$2y$12$UD8Enpg83FxER5zpZbcnWe48EMkCeIhL.PsYvFMjuCOlQF8fvLa7.', '4V1KJUxNAR', '2023-12-21 19:15:51', '2023-12-21 19:15:51'),
	(111, 'Prof. Kattie Hermiston', 'mante.eryn@example.org', '2023-12-21 19:15:51', '$2y$12$UD8Enpg83FxER5zpZbcnWe48EMkCeIhL.PsYvFMjuCOlQF8fvLa7.', 'iSFH2AHsST', '2023-12-21 19:15:51', '2023-12-21 19:15:51'),
	(112, 'Mr. Nikko Kohler V', 'nia02@example.net', '2023-12-21 19:15:51', '$2y$12$UD8Enpg83FxER5zpZbcnWe48EMkCeIhL.PsYvFMjuCOlQF8fvLa7.', 'YfaQ9eO6Ck', '2023-12-21 19:15:51', '2023-12-21 19:15:51'),
	(113, 'Rickie Hansen', 'terrell60@example.net', '2023-12-21 19:15:51', '$2y$12$UD8Enpg83FxER5zpZbcnWe48EMkCeIhL.PsYvFMjuCOlQF8fvLa7.', 'Aphosp5BwC', '2023-12-21 19:15:51', '2023-12-21 19:15:51'),
	(114, 'Taya Langosh', 'freida.hane@example.net', '2023-12-21 19:15:51', '$2y$12$UD8Enpg83FxER5zpZbcnWe48EMkCeIhL.PsYvFMjuCOlQF8fvLa7.', 'EQQt3keSdE', '2023-12-21 19:15:51', '2023-12-21 19:15:51'),
	(115, 'Prof. Camilla Parker DVM', 'roman.yost@example.com', '2023-12-21 19:15:51', '$2y$12$UD8Enpg83FxER5zpZbcnWe48EMkCeIhL.PsYvFMjuCOlQF8fvLa7.', 'YYW3iCYIp6', '2023-12-21 19:15:51', '2023-12-21 19:15:51'),
	(116, 'Rita Windler', 'charles62@example.org', '2023-12-21 19:15:51', '$2y$12$UD8Enpg83FxER5zpZbcnWe48EMkCeIhL.PsYvFMjuCOlQF8fvLa7.', 'hSgcgze0Hy', '2023-12-21 19:15:51', '2023-12-21 19:15:51'),
	(117, 'Prof. Douglas Parisian PhD', 'evelyn33@example.org', '2023-12-21 19:15:51', '$2y$12$UD8Enpg83FxER5zpZbcnWe48EMkCeIhL.PsYvFMjuCOlQF8fvLa7.', 'BYHf15SH1B', '2023-12-21 19:15:51', '2023-12-21 19:15:51'),
	(118, 'Prof. Presley Witting PhD', 'paucek.henri@example.net', '2023-12-21 19:15:51', '$2y$12$UD8Enpg83FxER5zpZbcnWe48EMkCeIhL.PsYvFMjuCOlQF8fvLa7.', 'qRBB4lDCLu', '2023-12-21 19:15:51', '2023-12-21 19:15:51'),
	(119, 'Devan Welch', 'xking@example.com', '2023-12-21 19:15:51', '$2y$12$UD8Enpg83FxER5zpZbcnWe48EMkCeIhL.PsYvFMjuCOlQF8fvLa7.', 'p7ag687nx0', '2023-12-21 19:15:51', '2023-12-21 19:15:51'),
	(120, 'Madisyn Balistreri', 'lind.hilario@example.com', '2023-12-21 19:15:51', '$2y$12$UD8Enpg83FxER5zpZbcnWe48EMkCeIhL.PsYvFMjuCOlQF8fvLa7.', 'NuvwaNxoJc', '2023-12-21 19:15:51', '2023-12-21 19:15:51'),
	(121, 'Roxanne Cassin PhD', 'schulist.loy@example.net', '2023-12-21 19:15:51', '$2y$12$UD8Enpg83FxER5zpZbcnWe48EMkCeIhL.PsYvFMjuCOlQF8fvLa7.', '7mWDwXVZP5', '2023-12-21 19:15:51', '2023-12-21 19:15:51'),
	(122, 'Pierre Mueller', 'jarod92@example.org', '2023-12-21 19:15:51', '$2y$12$UD8Enpg83FxER5zpZbcnWe48EMkCeIhL.PsYvFMjuCOlQF8fvLa7.', 'gFcgT9Ba2B', '2023-12-21 19:15:51', '2023-12-21 19:15:51'),
	(123, 'Lawson Prosacco', 'gislason.verna@example.org', '2023-12-21 19:15:51', '$2y$12$UD8Enpg83FxER5zpZbcnWe48EMkCeIhL.PsYvFMjuCOlQF8fvLa7.', 'ZZR8cZf2A3', '2023-12-21 19:15:51', '2023-12-21 19:15:51'),
	(124, 'Miss Carrie Miller', 'holly.hirthe@example.com', '2023-12-21 19:15:51', '$2y$12$UD8Enpg83FxER5zpZbcnWe48EMkCeIhL.PsYvFMjuCOlQF8fvLa7.', 'oSRCp9wFbP', '2023-12-21 19:15:51', '2023-12-21 19:15:51'),
	(125, 'Rosalyn Kub', 'belle.kohler@example.org', '2023-12-21 19:15:51', '$2y$12$UD8Enpg83FxER5zpZbcnWe48EMkCeIhL.PsYvFMjuCOlQF8fvLa7.', 'T97bqSSwyL', '2023-12-21 19:15:51', '2023-12-21 19:15:51'),
	(126, 'Noemie Schuppe II', 'ncarter@example.net', '2023-12-21 19:15:51', '$2y$12$UD8Enpg83FxER5zpZbcnWe48EMkCeIhL.PsYvFMjuCOlQF8fvLa7.', 'oR1py5JFp8', '2023-12-21 19:15:51', '2023-12-21 19:15:51'),
	(127, 'Prof. Libbie Mayert Sr.', 'wilburn.weissnat@example.org', '2023-12-21 19:15:51', '$2y$12$UD8Enpg83FxER5zpZbcnWe48EMkCeIhL.PsYvFMjuCOlQF8fvLa7.', 'znmCKtuDEU', '2023-12-21 19:15:51', '2023-12-21 19:15:51'),
	(128, 'Lilliana Hodkiewicz', 'iliana.purdy@example.org', '2023-12-21 19:15:51', '$2y$12$UD8Enpg83FxER5zpZbcnWe48EMkCeIhL.PsYvFMjuCOlQF8fvLa7.', 'Tpen54rED1', '2023-12-21 19:15:51', '2023-12-21 19:15:51'),
	(129, 'Diego Armstrong', 'eshanahan@example.net', '2023-12-21 19:15:51', '$2y$12$UD8Enpg83FxER5zpZbcnWe48EMkCeIhL.PsYvFMjuCOlQF8fvLa7.', '5eUib0Q4SR', '2023-12-21 19:15:51', '2023-12-21 19:15:51'),
	(130, 'Gilda Hill', 'amiya.klocko@example.net', '2023-12-21 19:15:51', '$2y$12$UD8Enpg83FxER5zpZbcnWe48EMkCeIhL.PsYvFMjuCOlQF8fvLa7.', 'nQXhauiq8t', '2023-12-21 19:15:51', '2023-12-21 19:15:51'),
	(131, 'Zora Ryan', 'beahan.cheyenne@example.com', '2023-12-21 19:15:51', '$2y$12$UD8Enpg83FxER5zpZbcnWe48EMkCeIhL.PsYvFMjuCOlQF8fvLa7.', 'RnJR0P4pyM', '2023-12-21 19:15:51', '2023-12-21 19:15:51'),
	(132, 'Prof. Jaqueline Nitzsche PhD', 'llemke@example.net', '2023-12-21 19:15:51', '$2y$12$UD8Enpg83FxER5zpZbcnWe48EMkCeIhL.PsYvFMjuCOlQF8fvLa7.', 'vkBjyyEAjW', '2023-12-21 19:15:51', '2023-12-21 19:15:51'),
	(133, 'Saul Ankunding', 'ahackett@example.com', '2023-12-21 19:15:51', '$2y$12$UD8Enpg83FxER5zpZbcnWe48EMkCeIhL.PsYvFMjuCOlQF8fvLa7.', 'ZBX24ux74F', '2023-12-21 19:15:51', '2023-12-21 19:15:51'),
	(134, 'Carlotta Lang', 'angel68@example.com', '2023-12-21 19:15:51', '$2y$12$UD8Enpg83FxER5zpZbcnWe48EMkCeIhL.PsYvFMjuCOlQF8fvLa7.', '31dvcpT3dV', '2023-12-21 19:15:51', '2023-12-21 19:15:51'),
	(135, 'Braden Ortiz Jr.', 'cassin.vaughn@example.org', '2023-12-21 19:15:51', '$2y$12$UD8Enpg83FxER5zpZbcnWe48EMkCeIhL.PsYvFMjuCOlQF8fvLa7.', '3mhl1z0G1P', '2023-12-21 19:15:51', '2023-12-21 19:15:51'),
	(136, 'Kole Harris', 'eddie.batz@example.net', '2023-12-21 19:15:51', '$2y$12$UD8Enpg83FxER5zpZbcnWe48EMkCeIhL.PsYvFMjuCOlQF8fvLa7.', 'qf2ZvZRSKO', '2023-12-21 19:15:51', '2023-12-21 19:15:51'),
	(137, 'Baby Hackett', 'makayla.hermann@example.org', '2023-12-21 19:15:51', '$2y$12$UD8Enpg83FxER5zpZbcnWe48EMkCeIhL.PsYvFMjuCOlQF8fvLa7.', 'QrFBm5etlr', '2023-12-21 19:15:51', '2023-12-21 19:15:51'),
	(138, 'Halie Witting', 'cordia.flatley@example.org', '2023-12-21 19:15:51', '$2y$12$UD8Enpg83FxER5zpZbcnWe48EMkCeIhL.PsYvFMjuCOlQF8fvLa7.', '2tFIxISz9B', '2023-12-21 19:15:51', '2023-12-21 19:15:51'),
	(139, 'Reed Gaylord', 'claudine.sanford@example.org', '2023-12-21 19:15:51', '$2y$12$UD8Enpg83FxER5zpZbcnWe48EMkCeIhL.PsYvFMjuCOlQF8fvLa7.', 'oPSLbt58RA', '2023-12-21 19:15:52', '2023-12-21 19:15:52'),
	(140, 'Johan Jacobson', 'ullrich.kenyon@example.com', '2023-12-21 19:15:52', '$2y$12$UD8Enpg83FxER5zpZbcnWe48EMkCeIhL.PsYvFMjuCOlQF8fvLa7.', 'bSr6S3uBgD', '2023-12-21 19:15:52', '2023-12-21 19:15:52'),
	(141, 'Ms. Kamille Kulas DDS', 'lonnie13@example.net', '2023-12-21 19:15:52', '$2y$12$UD8Enpg83FxER5zpZbcnWe48EMkCeIhL.PsYvFMjuCOlQF8fvLa7.', 'icoqoGTk47', '2023-12-21 19:15:52', '2023-12-21 19:15:52'),
	(142, 'Zora Gutkowski', 'funk.carolyne@example.net', '2023-12-21 19:15:52', '$2y$12$UD8Enpg83FxER5zpZbcnWe48EMkCeIhL.PsYvFMjuCOlQF8fvLa7.', '2AB9920AHy', '2023-12-21 19:15:52', '2023-12-21 19:15:52'),
	(143, 'Prof. Arthur Russel', 'lakin.shany@example.com', '2023-12-21 19:15:52', '$2y$12$UD8Enpg83FxER5zpZbcnWe48EMkCeIhL.PsYvFMjuCOlQF8fvLa7.', 'IS3HI8ux3E', '2023-12-21 19:15:52', '2023-12-21 19:15:52'),
	(144, 'Miss Karine Fay MD', 'isabelle.crooks@example.net', '2023-12-21 19:15:52', '$2y$12$UD8Enpg83FxER5zpZbcnWe48EMkCeIhL.PsYvFMjuCOlQF8fvLa7.', 'nWs6xmQf2O', '2023-12-21 19:15:52', '2023-12-21 19:15:52'),
	(145, 'Ansel Powlowski', 'sofia.weber@example.net', '2023-12-21 19:15:52', '$2y$12$UD8Enpg83FxER5zpZbcnWe48EMkCeIhL.PsYvFMjuCOlQF8fvLa7.', '6K8WmwiQHN', '2023-12-21 19:15:52', '2023-12-21 19:15:52'),
	(146, 'Kyleigh Mraz', 'lupe.konopelski@example.com', '2023-12-21 19:15:52', '$2y$12$UD8Enpg83FxER5zpZbcnWe48EMkCeIhL.PsYvFMjuCOlQF8fvLa7.', 'k8Wwa8qVQm', '2023-12-21 19:15:52', '2023-12-21 19:15:52'),
	(147, 'Carlie Murphy', 'wmckenzie@example.net', '2023-12-21 19:15:52', '$2y$12$UD8Enpg83FxER5zpZbcnWe48EMkCeIhL.PsYvFMjuCOlQF8fvLa7.', 'd8es4h4uCs', '2023-12-21 19:15:52', '2023-12-21 19:15:52'),
	(148, 'Eloy Ritchie II', 'roscoe.roberts@example.com', '2023-12-21 19:15:52', '$2y$12$UD8Enpg83FxER5zpZbcnWe48EMkCeIhL.PsYvFMjuCOlQF8fvLa7.', 'R4GvXMKtSh', '2023-12-21 19:15:52', '2023-12-21 19:15:52'),
	(149, 'Dolly Olson', 'schimmel.rhett@example.net', '2023-12-21 19:15:52', '$2y$12$UD8Enpg83FxER5zpZbcnWe48EMkCeIhL.PsYvFMjuCOlQF8fvLa7.', 'KF5VO45fQx', '2023-12-21 19:15:52', '2023-12-21 19:15:52'),
	(150, 'Terrence Koss', 'aditya.wiegand@example.com', '2023-12-21 19:15:52', '$2y$12$UD8Enpg83FxER5zpZbcnWe48EMkCeIhL.PsYvFMjuCOlQF8fvLa7.', 'YAMbywsziH', '2023-12-21 19:15:52', '2023-12-21 19:15:52'),
	(151, 'Verona Gusikowski I', 'april.littel@example.net', '2023-12-21 19:15:52', '$2y$12$UD8Enpg83FxER5zpZbcnWe48EMkCeIhL.PsYvFMjuCOlQF8fvLa7.', 'QiNPfq80JF', '2023-12-21 19:15:52', '2023-12-21 19:15:52'),
	(152, 'Dr. Tania DuBuque', 'emmet77@example.org', '2023-12-21 19:15:52', '$2y$12$UD8Enpg83FxER5zpZbcnWe48EMkCeIhL.PsYvFMjuCOlQF8fvLa7.', 'XItautUpj7', '2023-12-21 19:15:52', '2023-12-21 19:15:52'),
	(153, 'Dr. Cydney Bosco III', 'bertram.greenfelder@example.com', '2023-12-21 19:15:52', '$2y$12$UD8Enpg83FxER5zpZbcnWe48EMkCeIhL.PsYvFMjuCOlQF8fvLa7.', '4M2PQvXdoi', '2023-12-21 19:15:52', '2023-12-21 19:15:52'),
	(154, 'Mr. Osbaldo Stamm II', 'hschuppe@example.net', '2023-12-21 19:15:52', '$2y$12$UD8Enpg83FxER5zpZbcnWe48EMkCeIhL.PsYvFMjuCOlQF8fvLa7.', 'XU8CceVJVB', '2023-12-21 19:15:52', '2023-12-21 19:15:52'),
	(155, 'Zane Boehm', 'ila00@example.org', '2023-12-21 19:15:52', '$2y$12$UD8Enpg83FxER5zpZbcnWe48EMkCeIhL.PsYvFMjuCOlQF8fvLa7.', 'ydRuD0vMai', '2023-12-21 19:15:52', '2023-12-21 19:15:52'),
	(156, 'Leilani Ullrich', 'clifford.nader@example.org', '2023-12-21 19:15:52', '$2y$12$UD8Enpg83FxER5zpZbcnWe48EMkCeIhL.PsYvFMjuCOlQF8fvLa7.', '2D0AFJ4pf0', '2023-12-21 19:15:52', '2023-12-21 19:15:52'),
	(157, 'Thora Kuphal DVM', 'malvina.hansen@example.net', '2023-12-21 19:15:52', '$2y$12$UD8Enpg83FxER5zpZbcnWe48EMkCeIhL.PsYvFMjuCOlQF8fvLa7.', 'BJCZuUBkfJ', '2023-12-21 19:15:52', '2023-12-21 19:15:52'),
	(158, 'Pattie Lehner', 'romaguera.hilda@example.net', '2023-12-21 19:15:52', '$2y$12$UD8Enpg83FxER5zpZbcnWe48EMkCeIhL.PsYvFMjuCOlQF8fvLa7.', 'cS7Vu8vlAk', '2023-12-21 19:15:52', '2023-12-21 19:15:52'),
	(159, 'Mr. Bertrand McKenzie', 'pkeebler@example.org', '2023-12-21 19:15:52', '$2y$12$UD8Enpg83FxER5zpZbcnWe48EMkCeIhL.PsYvFMjuCOlQF8fvLa7.', '7dwtqfGnyI', '2023-12-21 19:15:52', '2023-12-21 19:15:52'),
	(160, 'Magnolia Orn', 'cullen.bernier@example.net', '2023-12-21 19:15:52', '$2y$12$UD8Enpg83FxER5zpZbcnWe48EMkCeIhL.PsYvFMjuCOlQF8fvLa7.', 'WYmjgCf5Ds', '2023-12-21 19:15:52', '2023-12-21 19:15:52'),
	(161, 'Donald Greenfelder', 'sunny.greenholt@example.net', '2023-12-21 19:15:52', '$2y$12$UD8Enpg83FxER5zpZbcnWe48EMkCeIhL.PsYvFMjuCOlQF8fvLa7.', 'i9FTdWFRoA', '2023-12-21 19:15:52', '2023-12-21 19:15:52'),
	(162, 'Halie Heathcote V', 'conroy.pink@example.com', '2023-12-21 19:15:52', '$2y$12$UD8Enpg83FxER5zpZbcnWe48EMkCeIhL.PsYvFMjuCOlQF8fvLa7.', 'g218FKSc4X', '2023-12-21 19:15:52', '2023-12-21 19:15:52'),
	(163, 'Beatrice Corwin IV', 'gbayer@example.net', '2023-12-21 19:15:52', '$2y$12$UD8Enpg83FxER5zpZbcnWe48EMkCeIhL.PsYvFMjuCOlQF8fvLa7.', '8ncInYqBGp', '2023-12-21 19:15:52', '2023-12-21 19:15:52'),
	(164, 'Dr. Trent Tillman V', 'ariane83@example.org', '2023-12-21 19:15:52', '$2y$12$UD8Enpg83FxER5zpZbcnWe48EMkCeIhL.PsYvFMjuCOlQF8fvLa7.', 'B9oSQa7l54', '2023-12-21 19:15:52', '2023-12-21 19:15:52'),
	(165, 'Sandra Thiel', 'ludwig.trantow@example.org', '2023-12-21 19:15:52', '$2y$12$UD8Enpg83FxER5zpZbcnWe48EMkCeIhL.PsYvFMjuCOlQF8fvLa7.', 'UXYCTFXRzR', '2023-12-21 19:15:52', '2023-12-21 19:15:52'),
	(166, 'Arthur Mayer', 'aracely35@example.com', '2023-12-21 19:15:52', '$2y$12$UD8Enpg83FxER5zpZbcnWe48EMkCeIhL.PsYvFMjuCOlQF8fvLa7.', 'ZfNt76gZ3Z', '2023-12-21 19:15:52', '2023-12-21 19:15:52'),
	(167, 'Efren Steuber', 'santos.west@example.net', '2023-12-21 19:15:52', '$2y$12$UD8Enpg83FxER5zpZbcnWe48EMkCeIhL.PsYvFMjuCOlQF8fvLa7.', 'SqSYQkZtWQ', '2023-12-21 19:15:52', '2023-12-21 19:15:52'),
	(168, 'Dr. Ariane Borer Jr.', 'rutherford.hailey@example.com', '2023-12-21 19:15:52', '$2y$12$UD8Enpg83FxER5zpZbcnWe48EMkCeIhL.PsYvFMjuCOlQF8fvLa7.', 'EoF9KdpPIx', '2023-12-21 19:15:52', '2023-12-21 19:15:52'),
	(169, 'Mrs. Neha Wisoky V', 'anjali.hessel@example.net', '2023-12-21 19:15:52', '$2y$12$UD8Enpg83FxER5zpZbcnWe48EMkCeIhL.PsYvFMjuCOlQF8fvLa7.', 'JCN7tM02QY', '2023-12-21 19:15:52', '2023-12-21 19:15:52'),
	(170, 'Porter Wintheiser', 'reagan70@example.com', '2023-12-21 19:15:52', '$2y$12$UD8Enpg83FxER5zpZbcnWe48EMkCeIhL.PsYvFMjuCOlQF8fvLa7.', '7DavIDYrkA', '2023-12-21 19:15:52', '2023-12-21 19:15:52'),
	(171, 'Stone Reilly', 'watsica.lulu@example.com', '2023-12-21 19:15:52', '$2y$12$UD8Enpg83FxER5zpZbcnWe48EMkCeIhL.PsYvFMjuCOlQF8fvLa7.', 'Vx4SPVE86I', '2023-12-21 19:15:52', '2023-12-21 19:15:52'),
	(172, 'Kaitlin Bruen', 'bwilliamson@example.org', '2023-12-21 19:15:52', '$2y$12$UD8Enpg83FxER5zpZbcnWe48EMkCeIhL.PsYvFMjuCOlQF8fvLa7.', 'Zi2VSvS0Sq', '2023-12-21 19:15:52', '2023-12-21 19:15:52'),
	(173, 'Ms. Flo Carter', 'evie46@example.net', '2023-12-21 19:15:52', '$2y$12$UD8Enpg83FxER5zpZbcnWe48EMkCeIhL.PsYvFMjuCOlQF8fvLa7.', 'IH8RSCXNmW', '2023-12-21 19:15:52', '2023-12-21 19:15:52'),
	(174, 'Katelin Hoeger', 'melany.conn@example.com', '2023-12-21 19:15:52', '$2y$12$UD8Enpg83FxER5zpZbcnWe48EMkCeIhL.PsYvFMjuCOlQF8fvLa7.', 'me6wbTkJC5', '2023-12-21 19:15:52', '2023-12-21 19:15:52'),
	(175, 'Prof. Kaycee Nicolas DDS', 'qgleason@example.com', '2023-12-21 19:15:52', '$2y$12$UD8Enpg83FxER5zpZbcnWe48EMkCeIhL.PsYvFMjuCOlQF8fvLa7.', '01QAULPtbg', '2023-12-21 19:15:52', '2023-12-21 19:15:52'),
	(176, 'Ms. Margarete Gleichner', 'edyth51@example.net', '2023-12-21 19:15:52', '$2y$12$UD8Enpg83FxER5zpZbcnWe48EMkCeIhL.PsYvFMjuCOlQF8fvLa7.', '0oS1dlmjJa', '2023-12-21 19:15:52', '2023-12-21 19:15:52'),
	(177, 'Kaylee Ankunding Sr.', 'halie12@example.net', '2023-12-21 19:15:52', '$2y$12$UD8Enpg83FxER5zpZbcnWe48EMkCeIhL.PsYvFMjuCOlQF8fvLa7.', 'Wicqg69KgN', '2023-12-21 19:15:52', '2023-12-21 19:15:52'),
	(178, 'Phoebe Jast', 'bogan.kallie@example.net', '2023-12-21 19:15:52', '$2y$12$UD8Enpg83FxER5zpZbcnWe48EMkCeIhL.PsYvFMjuCOlQF8fvLa7.', 'fHg6aH3AhU', '2023-12-21 19:15:52', '2023-12-21 19:15:52'),
	(179, 'Eugene Cummings', 'arielle.jacobson@example.net', '2023-12-21 19:15:52', '$2y$12$UD8Enpg83FxER5zpZbcnWe48EMkCeIhL.PsYvFMjuCOlQF8fvLa7.', 'gOlEKq5afU', '2023-12-21 19:15:52', '2023-12-21 19:15:52'),
	(180, 'Prof. Joel Nienow Jr.', 'will.tressa@example.org', '2023-12-21 19:15:52', '$2y$12$UD8Enpg83FxER5zpZbcnWe48EMkCeIhL.PsYvFMjuCOlQF8fvLa7.', 'geH6siV7cU', '2023-12-21 19:15:52', '2023-12-21 19:15:52'),
	(181, 'Edmund Williamson', 'crawford28@example.org', '2023-12-21 19:15:52', '$2y$12$UD8Enpg83FxER5zpZbcnWe48EMkCeIhL.PsYvFMjuCOlQF8fvLa7.', 'z5WFaVIfoA', '2023-12-21 19:15:52', '2023-12-21 19:15:52'),
	(182, 'Quentin Rosenbaum PhD', 'lysanne.cassin@example.com', '2023-12-21 19:15:52', '$2y$12$UD8Enpg83FxER5zpZbcnWe48EMkCeIhL.PsYvFMjuCOlQF8fvLa7.', 'zJ10UJHGCC', '2023-12-21 19:15:52', '2023-12-21 19:15:52'),
	(183, 'Prof. Kale Durgan V', 'chaya62@example.net', '2023-12-21 19:15:52', '$2y$12$UD8Enpg83FxER5zpZbcnWe48EMkCeIhL.PsYvFMjuCOlQF8fvLa7.', 'wM9NRIC7iq', '2023-12-21 19:15:52', '2023-12-21 19:15:52'),
	(184, 'Laurel Morar', 'jasmin.shanahan@example.com', '2023-12-21 19:15:52', '$2y$12$UD8Enpg83FxER5zpZbcnWe48EMkCeIhL.PsYvFMjuCOlQF8fvLa7.', 'eNKP12EXrm', '2023-12-21 19:15:52', '2023-12-21 19:15:52'),
	(185, 'Frederic Kemmer', 'maverick21@example.net', '2023-12-21 19:15:52', '$2y$12$UD8Enpg83FxER5zpZbcnWe48EMkCeIhL.PsYvFMjuCOlQF8fvLa7.', 'jJaf3RQMB0', '2023-12-21 19:15:52', '2023-12-21 19:15:52'),
	(186, 'Mr. Demario Lubowitz', 'xoberbrunner@example.net', '2023-12-21 19:15:52', '$2y$12$UD8Enpg83FxER5zpZbcnWe48EMkCeIhL.PsYvFMjuCOlQF8fvLa7.', 'lCCtfSapwP', '2023-12-21 19:15:52', '2023-12-21 19:15:52'),
	(187, 'Raina Dietrich V', 'jhodkiewicz@example.org', '2023-12-21 19:15:52', '$2y$12$UD8Enpg83FxER5zpZbcnWe48EMkCeIhL.PsYvFMjuCOlQF8fvLa7.', '5Lmcm1r5ek', '2023-12-21 19:15:52', '2023-12-21 19:15:52'),
	(188, 'Carrie Ryan', 'janis.schuppe@example.org', '2023-12-21 19:15:52', '$2y$12$UD8Enpg83FxER5zpZbcnWe48EMkCeIhL.PsYvFMjuCOlQF8fvLa7.', 'LN5AFhyzQP', '2023-12-21 19:15:52', '2023-12-21 19:15:52'),
	(189, 'Garett Bergnaum', 'nedra28@example.org', '2023-12-21 19:15:52', '$2y$12$UD8Enpg83FxER5zpZbcnWe48EMkCeIhL.PsYvFMjuCOlQF8fvLa7.', 'AuD9JzPYSU', '2023-12-21 19:15:52', '2023-12-21 19:15:52'),
	(190, 'Clemmie Thompson', 'sturcotte@example.org', '2023-12-21 19:15:52', '$2y$12$UD8Enpg83FxER5zpZbcnWe48EMkCeIhL.PsYvFMjuCOlQF8fvLa7.', 'vOb9eDxsRY', '2023-12-21 19:15:52', '2023-12-21 19:15:52'),
	(191, 'Hosea Marks', 'eveline.sawayn@example.org', '2023-12-21 19:15:52', '$2y$12$UD8Enpg83FxER5zpZbcnWe48EMkCeIhL.PsYvFMjuCOlQF8fvLa7.', 'xu1dHLSMai', '2023-12-21 19:15:52', '2023-12-21 19:15:52'),
	(192, 'Mr. Raleigh Schumm I', 'caterina22@example.net', '2023-12-21 19:15:52', '$2y$12$UD8Enpg83FxER5zpZbcnWe48EMkCeIhL.PsYvFMjuCOlQF8fvLa7.', 'rY7RMBVsMj', '2023-12-21 19:15:52', '2023-12-21 19:15:52'),
	(193, 'Giuseppe Dare IV', 'cartwright.lemuel@example.org', '2023-12-21 19:15:52', '$2y$12$UD8Enpg83FxER5zpZbcnWe48EMkCeIhL.PsYvFMjuCOlQF8fvLa7.', 'RaJFVnqoYm', '2023-12-21 19:15:52', '2023-12-21 19:15:52'),
	(194, 'Narciso Gottlieb', 'goodwin.zakary@example.com', '2023-12-21 19:15:52', '$2y$12$UD8Enpg83FxER5zpZbcnWe48EMkCeIhL.PsYvFMjuCOlQF8fvLa7.', 'B6idNtzmwb', '2023-12-21 19:15:52', '2023-12-21 19:15:52'),
	(195, 'Felix Schiller', 'federico47@example.com', '2023-12-21 19:15:52', '$2y$12$UD8Enpg83FxER5zpZbcnWe48EMkCeIhL.PsYvFMjuCOlQF8fvLa7.', '962nThJgeW', '2023-12-21 19:15:52', '2023-12-21 19:15:52'),
	(196, 'Anabel Bahringer', 'nrunolfsdottir@example.net', '2023-12-21 19:15:52', '$2y$12$UD8Enpg83FxER5zpZbcnWe48EMkCeIhL.PsYvFMjuCOlQF8fvLa7.', 'xe0Qc2xi0S', '2023-12-21 19:15:52', '2023-12-21 19:15:52'),
	(197, 'Mr. Myrl Rosenbaum', 'cremin.humberto@example.com', '2023-12-21 19:15:52', '$2y$12$UD8Enpg83FxER5zpZbcnWe48EMkCeIhL.PsYvFMjuCOlQF8fvLa7.', '9NMYYMdScx', '2023-12-21 19:15:52', '2023-12-21 19:15:52'),
	(198, 'Mr. Justice Bauch', 'carmela.crooks@example.net', '2023-12-21 19:15:52', '$2y$12$UD8Enpg83FxER5zpZbcnWe48EMkCeIhL.PsYvFMjuCOlQF8fvLa7.', 'IFms1kfKKn', '2023-12-21 19:15:52', '2023-12-21 19:15:52'),
	(199, 'Dr. Cordell Nader Jr.', 'yundt.esperanza@example.net', '2023-12-21 19:15:52', '$2y$12$UD8Enpg83FxER5zpZbcnWe48EMkCeIhL.PsYvFMjuCOlQF8fvLa7.', 'YPYk6NvB34', '2023-12-21 19:15:52', '2023-12-21 19:15:52'),
	(200, 'Deondre Jacobi', 'jaquelin26@example.org', '2023-12-21 19:15:52', '$2y$12$UD8Enpg83FxER5zpZbcnWe48EMkCeIhL.PsYvFMjuCOlQF8fvLa7.', 'y51FI1Jni2', '2023-12-21 19:15:52', '2023-12-21 19:15:52'),
	(201, 'Mr. Kurtis Jacobs', 'dagmar91@example.org', '2023-12-21 19:15:52', '$2y$12$UD8Enpg83FxER5zpZbcnWe48EMkCeIhL.PsYvFMjuCOlQF8fvLa7.', 'pmRmJe1Ccy', '2023-12-21 19:15:52', '2023-12-21 19:15:52'),
	(202, 'Morgan Collins', 'junius.dooley@example.net', '2023-12-21 19:15:52', '$2y$12$UD8Enpg83FxER5zpZbcnWe48EMkCeIhL.PsYvFMjuCOlQF8fvLa7.', 'OaVEizSdQv', '2023-12-21 19:15:52', '2023-12-21 19:15:52'),
	(203, 'Gabe Kub', 'lgaylord@example.net', '2023-12-21 19:15:52', '$2y$12$UD8Enpg83FxER5zpZbcnWe48EMkCeIhL.PsYvFMjuCOlQF8fvLa7.', 'hcB6hVJMpN', '2023-12-21 19:15:52', '2023-12-21 19:15:52'),
	(204, 'Johnnie Hoeger', 'elissa.haley@example.net', '2023-12-21 19:15:52', '$2y$12$UD8Enpg83FxER5zpZbcnWe48EMkCeIhL.PsYvFMjuCOlQF8fvLa7.', 'S8Xvwjfl8p', '2023-12-21 19:15:52', '2023-12-21 19:15:52'),
	(205, 'Leo Prosacco', 'beth97@example.com', '2023-12-21 19:15:52', '$2y$12$UD8Enpg83FxER5zpZbcnWe48EMkCeIhL.PsYvFMjuCOlQF8fvLa7.', 'wCmlhOVIiY', '2023-12-21 19:15:52', '2023-12-21 19:15:52'),
	(206, 'Lizzie Strosin V', 'mac62@example.com', '2023-12-21 19:15:52', '$2y$12$UD8Enpg83FxER5zpZbcnWe48EMkCeIhL.PsYvFMjuCOlQF8fvLa7.', 'XogH3bTSFK', '2023-12-21 19:15:52', '2023-12-21 19:15:52'),
	(207, 'Ima Conn', 'heloise03@example.org', '2023-12-21 19:15:52', '$2y$12$UD8Enpg83FxER5zpZbcnWe48EMkCeIhL.PsYvFMjuCOlQF8fvLa7.', 'oplS88y3xK', '2023-12-21 19:15:52', '2023-12-21 19:15:52'),
	(208, 'Ismael Senger', 'monique.langworth@example.com', '2023-12-21 19:15:52', '$2y$12$UD8Enpg83FxER5zpZbcnWe48EMkCeIhL.PsYvFMjuCOlQF8fvLa7.', 'UiTZYm5J3M', '2023-12-21 19:15:52', '2023-12-21 19:15:52'),
	(209, 'Pearl Hagenes V', 'loyce.schamberger@example.com', '2023-12-21 19:15:52', '$2y$12$UD8Enpg83FxER5zpZbcnWe48EMkCeIhL.PsYvFMjuCOlQF8fvLa7.', 'uwafsXpUWm', '2023-12-21 19:15:52', '2023-12-21 19:15:52'),
	(210, 'Martin Feeney', 'jewell.glover@example.net', '2023-12-21 19:15:52', '$2y$12$UD8Enpg83FxER5zpZbcnWe48EMkCeIhL.PsYvFMjuCOlQF8fvLa7.', 'ji7ksX47fR', '2023-12-21 19:15:52', '2023-12-21 19:15:52'),
	(211, 'Camren Wilkinson I', 'wunsch.velva@example.org', '2023-12-21 19:15:52', '$2y$12$UD8Enpg83FxER5zpZbcnWe48EMkCeIhL.PsYvFMjuCOlQF8fvLa7.', 'wsuPsCjfnv', '2023-12-21 19:15:52', '2023-12-21 19:15:52'),
	(212, 'Florencio Glover', 'alize35@example.org', '2023-12-21 19:15:52', '$2y$12$UD8Enpg83FxER5zpZbcnWe48EMkCeIhL.PsYvFMjuCOlQF8fvLa7.', 'y6tpg392G3', '2023-12-21 19:15:52', '2023-12-21 19:15:52'),
	(213, 'Lottie Funk', 'jaskolski.nathan@example.net', '2023-12-21 19:15:52', '$2y$12$UD8Enpg83FxER5zpZbcnWe48EMkCeIhL.PsYvFMjuCOlQF8fvLa7.', 'MM8bxF6jNl', '2023-12-21 19:15:52', '2023-12-21 19:15:52'),
	(214, 'Genevieve Bashirian', 'eugene30@example.net', '2023-12-21 19:15:52', '$2y$12$UD8Enpg83FxER5zpZbcnWe48EMkCeIhL.PsYvFMjuCOlQF8fvLa7.', 'hNT5hRSge6', '2023-12-21 19:15:52', '2023-12-21 19:15:52'),
	(215, 'Janet Maggio', 'romaguera.orin@example.org', '2023-12-21 19:15:52', '$2y$12$UD8Enpg83FxER5zpZbcnWe48EMkCeIhL.PsYvFMjuCOlQF8fvLa7.', 'qdaXjLzXKb', '2023-12-21 19:15:52', '2023-12-21 19:15:52'),
	(216, 'Luna Weber', 'brant.farrell@example.org', '2023-12-21 19:15:52', '$2y$12$UD8Enpg83FxER5zpZbcnWe48EMkCeIhL.PsYvFMjuCOlQF8fvLa7.', 'v6V8GZxUAu', '2023-12-21 19:15:52', '2023-12-21 19:15:52'),
	(217, 'Dorris Waters', 'wisoky.savannah@example.org', '2023-12-21 19:15:52', '$2y$12$UD8Enpg83FxER5zpZbcnWe48EMkCeIhL.PsYvFMjuCOlQF8fvLa7.', 'FQxMz7QXjg', '2023-12-21 19:15:52', '2023-12-21 19:15:52'),
	(218, 'Mrs. Corrine Lockman I', 'keanu.anderson@example.com', '2023-12-21 19:15:52', '$2y$12$UD8Enpg83FxER5zpZbcnWe48EMkCeIhL.PsYvFMjuCOlQF8fvLa7.', 'xMTQploBut', '2023-12-21 19:15:52', '2023-12-21 19:15:52'),
	(219, 'Gay Beahan', 'violet22@example.com', '2023-12-21 19:15:52', '$2y$12$UD8Enpg83FxER5zpZbcnWe48EMkCeIhL.PsYvFMjuCOlQF8fvLa7.', 'wJIT3t5bHj', '2023-12-21 19:15:52', '2023-12-21 19:15:52'),
	(220, 'Johnnie Barrows', 'kris24@example.com', '2023-12-21 19:15:52', '$2y$12$UD8Enpg83FxER5zpZbcnWe48EMkCeIhL.PsYvFMjuCOlQF8fvLa7.', 'bVWpQ7oZNk', '2023-12-21 19:15:52', '2023-12-21 19:15:52'),
	(221, 'Miss Leanne Denesik', 'shane.nikolaus@example.com', '2023-12-21 19:15:52', '$2y$12$UD8Enpg83FxER5zpZbcnWe48EMkCeIhL.PsYvFMjuCOlQF8fvLa7.', 'y0Pyilqe7Z', '2023-12-21 19:15:52', '2023-12-21 19:15:52'),
	(222, 'Lexus Metz Jr.', 'bradtke.elliot@example.com', '2023-12-21 19:15:52', '$2y$12$UD8Enpg83FxER5zpZbcnWe48EMkCeIhL.PsYvFMjuCOlQF8fvLa7.', 'i9GzAEvct2', '2023-12-21 19:15:52', '2023-12-21 19:15:52'),
	(223, 'Garnet Parisian', 'hailey.mann@example.com', '2023-12-21 19:15:52', '$2y$12$UD8Enpg83FxER5zpZbcnWe48EMkCeIhL.PsYvFMjuCOlQF8fvLa7.', 'IyQddbbhrd', '2023-12-21 19:15:52', '2023-12-21 19:15:52'),
	(224, 'Prof. Grace Moore', 'macejkovic.jazmin@example.com', '2023-12-21 19:15:52', '$2y$12$UD8Enpg83FxER5zpZbcnWe48EMkCeIhL.PsYvFMjuCOlQF8fvLa7.', 'JemuGBQ18x', '2023-12-21 19:15:52', '2023-12-21 19:15:52'),
	(225, 'Mr. Jordon Purdy III', 'vjast@example.org', '2023-12-21 19:15:52', '$2y$12$UD8Enpg83FxER5zpZbcnWe48EMkCeIhL.PsYvFMjuCOlQF8fvLa7.', 'W2o6WQrMLi', '2023-12-21 19:15:52', '2023-12-21 19:15:52'),
	(226, 'Alice Cruickshank DVM', 'kay.hodkiewicz@example.net', '2023-12-21 19:15:52', '$2y$12$UD8Enpg83FxER5zpZbcnWe48EMkCeIhL.PsYvFMjuCOlQF8fvLa7.', '5Xxhp9CRWI', '2023-12-21 19:15:52', '2023-12-21 19:15:52'),
	(227, 'Luther Friesen', 'jerrell38@example.com', '2023-12-21 19:15:52', '$2y$12$UD8Enpg83FxER5zpZbcnWe48EMkCeIhL.PsYvFMjuCOlQF8fvLa7.', 'QT71rF8uTB', '2023-12-21 19:15:52', '2023-12-21 19:15:52'),
	(228, 'Yasmin Von', 'zieme.richmond@example.org', '2023-12-21 19:15:52', '$2y$12$UD8Enpg83FxER5zpZbcnWe48EMkCeIhL.PsYvFMjuCOlQF8fvLa7.', 'cHY9xMqb1b', '2023-12-21 19:15:52', '2023-12-21 19:15:52'),
	(229, 'Leonora Wuckert DDS', 'gkonopelski@example.org', '2023-12-21 19:15:52', '$2y$12$UD8Enpg83FxER5zpZbcnWe48EMkCeIhL.PsYvFMjuCOlQF8fvLa7.', 'myIfqHX07p', '2023-12-21 19:15:52', '2023-12-21 19:15:52'),
	(230, 'Delta Franecki', 'vonrueden.zetta@example.com', '2023-12-21 19:15:52', '$2y$12$UD8Enpg83FxER5zpZbcnWe48EMkCeIhL.PsYvFMjuCOlQF8fvLa7.', 'c4dktQY5l8', '2023-12-21 19:15:52', '2023-12-21 19:15:52'),
	(231, 'Taryn Dooley', 'ismael21@example.org', '2023-12-21 19:15:52', '$2y$12$UD8Enpg83FxER5zpZbcnWe48EMkCeIhL.PsYvFMjuCOlQF8fvLa7.', 'i5kCjXdDW6', '2023-12-21 19:15:52', '2023-12-21 19:15:52'),
	(232, 'Gillian Dach', 'brendan09@example.net', '2023-12-21 19:15:52', '$2y$12$UD8Enpg83FxER5zpZbcnWe48EMkCeIhL.PsYvFMjuCOlQF8fvLa7.', 'V9ObG62hsO', '2023-12-21 19:15:52', '2023-12-21 19:15:52'),
	(233, 'Miss Brandi Pfeffer II', 'tbruen@example.net', '2023-12-21 19:15:52', '$2y$12$UD8Enpg83FxER5zpZbcnWe48EMkCeIhL.PsYvFMjuCOlQF8fvLa7.', 'YuKNNpAMLE', '2023-12-21 19:15:52', '2023-12-21 19:15:52'),
	(234, 'Vivien Mayert', 'maudie.cruickshank@example.com', '2023-12-21 19:15:52', '$2y$12$UD8Enpg83FxER5zpZbcnWe48EMkCeIhL.PsYvFMjuCOlQF8fvLa7.', 'XGSOZ44dIX', '2023-12-21 19:15:52', '2023-12-21 19:15:52'),
	(235, 'Lydia Fisher', 'mills.august@example.org', '2023-12-21 19:15:52', '$2y$12$UD8Enpg83FxER5zpZbcnWe48EMkCeIhL.PsYvFMjuCOlQF8fvLa7.', 'rBAt4kbMnL', '2023-12-21 19:15:52', '2023-12-21 19:15:52'),
	(236, 'Ayden Bergstrom III', 'kmiller@example.net', '2023-12-21 19:15:52', '$2y$12$UD8Enpg83FxER5zpZbcnWe48EMkCeIhL.PsYvFMjuCOlQF8fvLa7.', 'WlbtrUgIps', '2023-12-21 19:15:52', '2023-12-21 19:15:52'),
	(237, 'Gerry Becker', 'patience93@example.net', '2023-12-21 19:15:52', '$2y$12$UD8Enpg83FxER5zpZbcnWe48EMkCeIhL.PsYvFMjuCOlQF8fvLa7.', 'NUbcp4jnEz', '2023-12-21 19:15:52', '2023-12-21 19:15:52'),
	(238, 'Roosevelt Becker DDS', 'taya.barton@example.net', '2023-12-21 19:15:52', '$2y$12$UD8Enpg83FxER5zpZbcnWe48EMkCeIhL.PsYvFMjuCOlQF8fvLa7.', 'VOHxI8mWFt', '2023-12-21 19:15:52', '2023-12-21 19:15:52'),
	(239, 'Ilene Gleason', 'maye68@example.net', '2023-12-21 19:15:52', '$2y$12$UD8Enpg83FxER5zpZbcnWe48EMkCeIhL.PsYvFMjuCOlQF8fvLa7.', 'E0KMdGOzFp', '2023-12-21 19:15:52', '2023-12-21 19:15:52'),
	(240, 'Dawn Weber', 'deon.rowe@example.org', '2023-12-21 19:15:52', '$2y$12$UD8Enpg83FxER5zpZbcnWe48EMkCeIhL.PsYvFMjuCOlQF8fvLa7.', 'xf9pOqGt0D', '2023-12-21 19:15:52', '2023-12-21 19:15:52'),
	(241, 'Danyka Lindgren', 'muller.moshe@example.net', '2023-12-21 19:15:52', '$2y$12$UD8Enpg83FxER5zpZbcnWe48EMkCeIhL.PsYvFMjuCOlQF8fvLa7.', 'WYZjApcJkM', '2023-12-21 19:15:52', '2023-12-21 19:15:52'),
	(242, 'Jaylan Abshire', 'pattie20@example.com', '2023-12-21 19:15:52', '$2y$12$UD8Enpg83FxER5zpZbcnWe48EMkCeIhL.PsYvFMjuCOlQF8fvLa7.', 'a00bJKjsFN', '2023-12-21 19:15:52', '2023-12-21 19:15:52'),
	(243, 'Elias Bernier', 'edgardo03@example.net', '2023-12-21 19:15:52', '$2y$12$UD8Enpg83FxER5zpZbcnWe48EMkCeIhL.PsYvFMjuCOlQF8fvLa7.', 'RClWv4Kcij', '2023-12-21 19:15:52', '2023-12-21 19:15:52'),
	(244, 'Ernestina Johnson', 'klocko.dominique@example.net', '2023-12-21 19:15:52', '$2y$12$UD8Enpg83FxER5zpZbcnWe48EMkCeIhL.PsYvFMjuCOlQF8fvLa7.', 'wFFz3QDh19', '2023-12-21 19:15:52', '2023-12-21 19:15:52'),
	(245, 'Efrain Skiles', 'lisa.kessler@example.net', '2023-12-21 19:15:52', '$2y$12$UD8Enpg83FxER5zpZbcnWe48EMkCeIhL.PsYvFMjuCOlQF8fvLa7.', 'DwH35dJms2', '2023-12-21 19:15:52', '2023-12-21 19:15:52'),
	(246, 'Sean Spinka', 'glover.jessie@example.net', '2023-12-21 19:15:52', '$2y$12$UD8Enpg83FxER5zpZbcnWe48EMkCeIhL.PsYvFMjuCOlQF8fvLa7.', 'DQVShCNh8c', '2023-12-21 19:15:52', '2023-12-21 19:15:52'),
	(247, 'Eleanora Miller', 'mboehm@example.net', '2023-12-21 19:15:52', '$2y$12$UD8Enpg83FxER5zpZbcnWe48EMkCeIhL.PsYvFMjuCOlQF8fvLa7.', 'jx8p2dizXW', '2023-12-21 19:15:52', '2023-12-21 19:15:52'),
	(248, 'Fabiola Schamberger', 'lane26@example.net', '2023-12-21 19:15:52', '$2y$12$UD8Enpg83FxER5zpZbcnWe48EMkCeIhL.PsYvFMjuCOlQF8fvLa7.', 'kcYYwZtVV5', '2023-12-21 19:15:52', '2023-12-21 19:15:52'),
	(249, 'Brian Feest', 'agibson@example.org', '2023-12-21 19:15:52', '$2y$12$UD8Enpg83FxER5zpZbcnWe48EMkCeIhL.PsYvFMjuCOlQF8fvLa7.', 'BYkAHpRVUd', '2023-12-21 19:15:52', '2023-12-21 19:15:52'),
	(250, 'Greg Schaefer', 'isaias27@example.net', '2023-12-21 19:15:52', '$2y$12$UD8Enpg83FxER5zpZbcnWe48EMkCeIhL.PsYvFMjuCOlQF8fvLa7.', 't7CUfX0wVZ', '2023-12-21 19:15:52', '2023-12-21 19:15:52'),
	(251, 'Micaela Wehner', 'isobel79@example.com', '2023-12-21 19:15:52', '$2y$12$UD8Enpg83FxER5zpZbcnWe48EMkCeIhL.PsYvFMjuCOlQF8fvLa7.', 'EDZTEO5EIF', '2023-12-21 19:15:52', '2023-12-21 19:15:52'),
	(252, 'Keeley Rosenbaum', 'hulda90@example.org', '2023-12-21 19:15:52', '$2y$12$UD8Enpg83FxER5zpZbcnWe48EMkCeIhL.PsYvFMjuCOlQF8fvLa7.', 'g7l1kiszW2', '2023-12-21 19:15:52', '2023-12-21 19:15:52'),
	(253, 'Arthur Hermann', 'everardo59@example.org', '2023-12-21 19:15:52', '$2y$12$UD8Enpg83FxER5zpZbcnWe48EMkCeIhL.PsYvFMjuCOlQF8fvLa7.', '5v8mQoXpiv', '2023-12-21 19:15:52', '2023-12-21 19:15:52'),
	(254, 'Lacey Bayer', 'clemmie.mitchell@example.org', '2023-12-21 19:15:52', '$2y$12$UD8Enpg83FxER5zpZbcnWe48EMkCeIhL.PsYvFMjuCOlQF8fvLa7.', 'bG0ffC3wCK', '2023-12-21 19:15:52', '2023-12-21 19:15:52'),
	(255, 'Niko Nolan', 'eichmann.coby@example.net', '2023-12-21 19:15:52', '$2y$12$UD8Enpg83FxER5zpZbcnWe48EMkCeIhL.PsYvFMjuCOlQF8fvLa7.', '7EEDnMdUn1', '2023-12-21 19:15:52', '2023-12-21 19:15:52'),
	(256, 'Viva Haley', 'mallie64@example.com', '2023-12-21 19:15:52', '$2y$12$UD8Enpg83FxER5zpZbcnWe48EMkCeIhL.PsYvFMjuCOlQF8fvLa7.', 'QYyJ0a6tyj', '2023-12-21 19:15:52', '2023-12-21 19:15:52'),
	(257, 'Tia Kilback', 'octavia98@example.org', '2023-12-21 19:15:52', '$2y$12$UD8Enpg83FxER5zpZbcnWe48EMkCeIhL.PsYvFMjuCOlQF8fvLa7.', '98nKRXsZCw', '2023-12-21 19:15:52', '2023-12-21 19:15:52'),
	(258, 'Dr. Garrick Fisher DDS', 'kohler.kariane@example.net', '2023-12-21 19:15:52', '$2y$12$UD8Enpg83FxER5zpZbcnWe48EMkCeIhL.PsYvFMjuCOlQF8fvLa7.', 'wqWf3VcUtC', '2023-12-21 19:15:52', '2023-12-21 19:15:52'),
	(259, 'Otha Ortiz V', 'dbartoletti@example.net', '2023-12-21 19:15:52', '$2y$12$UD8Enpg83FxER5zpZbcnWe48EMkCeIhL.PsYvFMjuCOlQF8fvLa7.', 'u6j6jUyJyQ', '2023-12-21 19:15:52', '2023-12-21 19:15:52'),
	(260, 'Nick Herman', 'schimmel.murray@example.net', '2023-12-21 19:15:52', '$2y$12$UD8Enpg83FxER5zpZbcnWe48EMkCeIhL.PsYvFMjuCOlQF8fvLa7.', 'gDerPe5dDf', '2023-12-21 19:15:52', '2023-12-21 19:15:52'),
	(261, 'Dr. Stacy Dickinson II', 'abauch@example.net', '2023-12-21 19:15:52', '$2y$12$UD8Enpg83FxER5zpZbcnWe48EMkCeIhL.PsYvFMjuCOlQF8fvLa7.', 'UxPMcRFmzz', '2023-12-21 19:15:52', '2023-12-21 19:15:52'),
	(262, 'Prof. Reid Kirlin III', 'nkovacek@example.net', '2023-12-21 19:15:52', '$2y$12$UD8Enpg83FxER5zpZbcnWe48EMkCeIhL.PsYvFMjuCOlQF8fvLa7.', 'ibMuyhrnPC', '2023-12-21 19:15:52', '2023-12-21 19:15:52'),
	(263, 'Keyon West', 'vmiller@example.org', '2023-12-21 19:15:52', '$2y$12$UD8Enpg83FxER5zpZbcnWe48EMkCeIhL.PsYvFMjuCOlQF8fvLa7.', 'Diwtng2nIP', '2023-12-21 19:15:52', '2023-12-21 19:15:52'),
	(264, 'Mr. Zachery Howell', 'whitney44@example.net', '2023-12-21 19:15:52', '$2y$12$UD8Enpg83FxER5zpZbcnWe48EMkCeIhL.PsYvFMjuCOlQF8fvLa7.', 'GErl7vMCkR', '2023-12-21 19:15:52', '2023-12-21 19:15:52'),
	(265, 'Chester Satterfield', 'znicolas@example.net', '2023-12-21 19:15:52', '$2y$12$UD8Enpg83FxER5zpZbcnWe48EMkCeIhL.PsYvFMjuCOlQF8fvLa7.', 'Qu4Wa09dEO', '2023-12-21 19:15:52', '2023-12-21 19:15:52'),
	(266, 'Coleman Toy', 'trace.schaden@example.net', '2023-12-21 19:15:52', '$2y$12$UD8Enpg83FxER5zpZbcnWe48EMkCeIhL.PsYvFMjuCOlQF8fvLa7.', '2IIB5XgYM1', '2023-12-21 19:15:52', '2023-12-21 19:15:52'),
	(267, 'Cortez McLaughlin', 'laurie38@example.com', '2023-12-21 19:15:52', '$2y$12$UD8Enpg83FxER5zpZbcnWe48EMkCeIhL.PsYvFMjuCOlQF8fvLa7.', '0uNvNY9vhO', '2023-12-21 19:15:52', '2023-12-21 19:15:52'),
	(268, 'Christine Padberg', 'jany91@example.com', '2023-12-21 19:15:52', '$2y$12$UD8Enpg83FxER5zpZbcnWe48EMkCeIhL.PsYvFMjuCOlQF8fvLa7.', 'hHPONLmhff', '2023-12-21 19:15:52', '2023-12-21 19:15:52'),
	(269, 'Kacey Skiles', 'jacobs.ines@example.com', '2023-12-21 19:15:52', '$2y$12$UD8Enpg83FxER5zpZbcnWe48EMkCeIhL.PsYvFMjuCOlQF8fvLa7.', 'T9AZ3jTXUu', '2023-12-21 19:15:52', '2023-12-21 19:15:52'),
	(270, 'Lue Hettinger', 'pouros.brionna@example.net', '2023-12-21 19:15:52', '$2y$12$UD8Enpg83FxER5zpZbcnWe48EMkCeIhL.PsYvFMjuCOlQF8fvLa7.', '7iOtKtb3Ng', '2023-12-21 19:15:52', '2023-12-21 19:15:52'),
	(271, 'Prof. Abraham Mueller', 'parker.susana@example.net', '2023-12-21 19:15:52', '$2y$12$UD8Enpg83FxER5zpZbcnWe48EMkCeIhL.PsYvFMjuCOlQF8fvLa7.', 'ixWqObFQ4i', '2023-12-21 19:15:52', '2023-12-21 19:15:52'),
	(272, 'Shemar Stehr', 'oleta.bergstrom@example.com', '2023-12-21 19:15:52', '$2y$12$UD8Enpg83FxER5zpZbcnWe48EMkCeIhL.PsYvFMjuCOlQF8fvLa7.', 'znZiTB4dtl', '2023-12-21 19:15:52', '2023-12-21 19:15:52'),
	(273, 'Barry Abbott', 'zulauf.marlon@example.org', '2023-12-21 19:15:52', '$2y$12$UD8Enpg83FxER5zpZbcnWe48EMkCeIhL.PsYvFMjuCOlQF8fvLa7.', 'KCMMf0RQqi', '2023-12-21 19:15:52', '2023-12-21 19:15:52'),
	(274, 'Benjamin Schamberger', 'schaefer.brody@example.com', '2023-12-21 19:15:52', '$2y$12$UD8Enpg83FxER5zpZbcnWe48EMkCeIhL.PsYvFMjuCOlQF8fvLa7.', 'YpDEJv5QCl', '2023-12-21 19:15:52', '2023-12-21 19:15:52'),
	(275, 'Kody Sipes', 'morris39@example.com', '2023-12-21 19:15:52', '$2y$12$UD8Enpg83FxER5zpZbcnWe48EMkCeIhL.PsYvFMjuCOlQF8fvLa7.', 'TuEAwnIcY0', '2023-12-21 19:15:52', '2023-12-21 19:15:52'),
	(276, 'Eusebio Wilderman', 'anastasia.collins@example.com', '2023-12-21 19:15:52', '$2y$12$UD8Enpg83FxER5zpZbcnWe48EMkCeIhL.PsYvFMjuCOlQF8fvLa7.', 'YexTKV0kyi', '2023-12-21 19:15:52', '2023-12-21 19:15:52'),
	(277, 'Kadin Smitham', 'randal68@example.net', '2023-12-21 19:15:52', '$2y$12$UD8Enpg83FxER5zpZbcnWe48EMkCeIhL.PsYvFMjuCOlQF8fvLa7.', '5iR2NKd5yV', '2023-12-21 19:15:52', '2023-12-21 19:15:52'),
	(278, 'Horace Runolfsdottir', 'deshawn.halvorson@example.org', '2023-12-21 19:15:52', '$2y$12$UD8Enpg83FxER5zpZbcnWe48EMkCeIhL.PsYvFMjuCOlQF8fvLa7.', 'swmLIWi2Xc', '2023-12-21 19:15:52', '2023-12-21 19:15:52'),
	(279, 'Janick Hegmann', 'lewis06@example.net', '2023-12-21 19:15:52', '$2y$12$UD8Enpg83FxER5zpZbcnWe48EMkCeIhL.PsYvFMjuCOlQF8fvLa7.', 'BA1vw9oM66', '2023-12-21 19:15:52', '2023-12-21 19:15:52'),
	(280, 'Karlie Bauch', 'greenfelder.austyn@example.net', '2023-12-21 19:15:52', '$2y$12$UD8Enpg83FxER5zpZbcnWe48EMkCeIhL.PsYvFMjuCOlQF8fvLa7.', '2CSMapVC0x', '2023-12-21 19:15:52', '2023-12-21 19:15:52'),
	(281, 'Arely Crona', 'concepcion.boehm@example.org', '2023-12-21 19:15:52', '$2y$12$UD8Enpg83FxER5zpZbcnWe48EMkCeIhL.PsYvFMjuCOlQF8fvLa7.', 'eee1KKw2y5', '2023-12-21 19:15:52', '2023-12-21 19:15:52'),
	(282, 'Sienna Heaney DVM', 'ylemke@example.com', '2023-12-21 19:15:52', '$2y$12$UD8Enpg83FxER5zpZbcnWe48EMkCeIhL.PsYvFMjuCOlQF8fvLa7.', 'ZAXjLUwAgS', '2023-12-21 19:15:52', '2023-12-21 19:15:52'),
	(283, 'Jorge Rath', 'omari78@example.com', '2023-12-21 19:15:52', '$2y$12$UD8Enpg83FxER5zpZbcnWe48EMkCeIhL.PsYvFMjuCOlQF8fvLa7.', 'N57FLsCobW', '2023-12-21 19:15:52', '2023-12-21 19:15:52'),
	(284, 'Marlen Gerhold', 'reed00@example.com', '2023-12-21 19:15:52', '$2y$12$UD8Enpg83FxER5zpZbcnWe48EMkCeIhL.PsYvFMjuCOlQF8fvLa7.', 'OnMGu1DCNU', '2023-12-21 19:15:52', '2023-12-21 19:15:52'),
	(285, 'Raheem Balistreri', 'sarai31@example.com', '2023-12-21 19:15:52', '$2y$12$UD8Enpg83FxER5zpZbcnWe48EMkCeIhL.PsYvFMjuCOlQF8fvLa7.', 'e6NiO5Ekme', '2023-12-21 19:15:52', '2023-12-21 19:15:52'),
	(286, 'Kareem Purdy', 'gfarrell@example.net', '2023-12-21 19:15:52', '$2y$12$UD8Enpg83FxER5zpZbcnWe48EMkCeIhL.PsYvFMjuCOlQF8fvLa7.', 'R57oUzpy94', '2023-12-21 19:15:52', '2023-12-21 19:15:52'),
	(287, 'Prof. Ryann Corkery DDS', 'torp.alysa@example.org', '2023-12-21 19:15:52', '$2y$12$UD8Enpg83FxER5zpZbcnWe48EMkCeIhL.PsYvFMjuCOlQF8fvLa7.', 'gSPs19ldww', '2023-12-21 19:15:52', '2023-12-21 19:15:52'),
	(288, 'Wellington Dooley', 'rosella45@example.com', '2023-12-21 19:15:52', '$2y$12$UD8Enpg83FxER5zpZbcnWe48EMkCeIhL.PsYvFMjuCOlQF8fvLa7.', 'oqpsun5gKr', '2023-12-21 19:15:52', '2023-12-21 19:15:52'),
	(289, 'Zoe Terry', 'cummings.marjorie@example.org', '2023-12-21 19:15:52', '$2y$12$UD8Enpg83FxER5zpZbcnWe48EMkCeIhL.PsYvFMjuCOlQF8fvLa7.', 'G0B8VWnftS', '2023-12-21 19:15:52', '2023-12-21 19:15:52'),
	(290, 'Dr. Richard Cartwright', 'antonina.thompson@example.com', '2023-12-21 19:15:52', '$2y$12$UD8Enpg83FxER5zpZbcnWe48EMkCeIhL.PsYvFMjuCOlQF8fvLa7.', 'rW5pkgakoL', '2023-12-21 19:15:52', '2023-12-21 19:15:52'),
	(291, 'Darian Conroy', 'omorissette@example.com', '2023-12-21 19:15:52', '$2y$12$UD8Enpg83FxER5zpZbcnWe48EMkCeIhL.PsYvFMjuCOlQF8fvLa7.', 'cnGqYafY8p', '2023-12-21 19:15:52', '2023-12-21 19:15:52'),
	(292, 'Susie Kiehn', 'dare.nicholas@example.net', '2023-12-21 19:15:52', '$2y$12$UD8Enpg83FxER5zpZbcnWe48EMkCeIhL.PsYvFMjuCOlQF8fvLa7.', 'TWecJhfkBf', '2023-12-21 19:15:52', '2023-12-21 19:15:52'),
	(293, 'Dr. Talon Kutch IV', 'brain.gottlieb@example.net', '2023-12-21 19:15:52', '$2y$12$UD8Enpg83FxER5zpZbcnWe48EMkCeIhL.PsYvFMjuCOlQF8fvLa7.', 'WxMkv7TIWX', '2023-12-21 19:15:52', '2023-12-21 19:15:52'),
	(294, 'Jaquan Glover', 'angeline.kulas@example.com', '2023-12-21 19:15:52', '$2y$12$UD8Enpg83FxER5zpZbcnWe48EMkCeIhL.PsYvFMjuCOlQF8fvLa7.', 'Je9GNMuiF5', '2023-12-21 19:15:52', '2023-12-21 19:15:52'),
	(295, 'Prof. Deron Collins', 'opal67@example.org', '2023-12-21 19:15:52', '$2y$12$UD8Enpg83FxER5zpZbcnWe48EMkCeIhL.PsYvFMjuCOlQF8fvLa7.', 'hw28QDYG0C', '2023-12-21 19:15:52', '2023-12-21 19:15:52'),
	(296, 'Elian O\'Connell', 'gwunsch@example.net', '2023-12-21 19:15:52', '$2y$12$UD8Enpg83FxER5zpZbcnWe48EMkCeIhL.PsYvFMjuCOlQF8fvLa7.', 'kIKdkcT2XB', '2023-12-21 19:15:52', '2023-12-21 19:15:52'),
	(297, 'Constance Wiegand', 'toy.hamill@example.net', '2023-12-21 19:15:52', '$2y$12$UD8Enpg83FxER5zpZbcnWe48EMkCeIhL.PsYvFMjuCOlQF8fvLa7.', 'ciGervHxbY', '2023-12-21 19:15:52', '2023-12-21 19:15:52'),
	(298, 'Prof. Celia Collier Jr.', 'gsteuber@example.org', '2023-12-21 19:15:52', '$2y$12$UD8Enpg83FxER5zpZbcnWe48EMkCeIhL.PsYvFMjuCOlQF8fvLa7.', 'OHhgNHNBtr', '2023-12-21 19:15:52', '2023-12-21 19:15:52'),
	(299, 'Michelle Beatty', 'avis42@example.net', '2023-12-21 19:15:52', '$2y$12$UD8Enpg83FxER5zpZbcnWe48EMkCeIhL.PsYvFMjuCOlQF8fvLa7.', 'aNqwARuwEJ', '2023-12-21 19:15:52', '2023-12-21 19:15:52'),
	(300, 'Prof. Harmony Brakus Sr.', 'hattie.reichert@example.org', '2023-12-21 19:15:52', '$2y$12$UD8Enpg83FxER5zpZbcnWe48EMkCeIhL.PsYvFMjuCOlQF8fvLa7.', 'bJ3sPVJXR7', '2023-12-21 19:15:52', '2023-12-21 19:15:52'),
	(301, 'Prof. Wilburn Cole PhD', 'christ22@example.org', '2023-12-21 19:24:58', '$2y$12$eQWNqEwBcblfwYJ8QU9ju..bjWq6IXh1YbqFuzIbp236kefp8W5Vu', '2FayvBKcRq', '2023-12-21 19:24:58', '2023-12-21 19:24:58'),
	(302, 'Murl Crona', 'carmela.rolfson@example.com', '2023-12-21 19:24:58', '$2y$12$eQWNqEwBcblfwYJ8QU9ju..bjWq6IXh1YbqFuzIbp236kefp8W5Vu', 'qwxjY8lUCd', '2023-12-21 19:24:58', '2023-12-21 19:24:58'),
	(303, 'Ezra Conn', 'rhea.roob@example.net', '2023-12-21 19:24:58', '$2y$12$eQWNqEwBcblfwYJ8QU9ju..bjWq6IXh1YbqFuzIbp236kefp8W5Vu', 'wi2Hsm87i7', '2023-12-21 19:24:58', '2023-12-21 19:24:58'),
	(304, 'Ms. Justina Wilkinson', 'rollin93@example.org', '2023-12-21 19:24:58', '$2y$12$eQWNqEwBcblfwYJ8QU9ju..bjWq6IXh1YbqFuzIbp236kefp8W5Vu', 'q53CH3Wcg5', '2023-12-21 19:24:58', '2023-12-21 19:24:58'),
	(305, 'Jazmin Hintz V', 'pkozey@example.org', '2023-12-21 19:24:58', '$2y$12$eQWNqEwBcblfwYJ8QU9ju..bjWq6IXh1YbqFuzIbp236kefp8W5Vu', 'cXZY3nUXgF', '2023-12-21 19:24:58', '2023-12-21 19:24:58'),
	(306, 'Mr. Dorian King', 'fmills@example.com', '2023-12-21 19:24:58', '$2y$12$eQWNqEwBcblfwYJ8QU9ju..bjWq6IXh1YbqFuzIbp236kefp8W5Vu', 'IkI6G7M8wu', '2023-12-21 19:24:58', '2023-12-21 19:24:58'),
	(307, 'Ms. Kara Boehm V', 'sophie.abernathy@example.com', '2023-12-21 19:24:58', '$2y$12$eQWNqEwBcblfwYJ8QU9ju..bjWq6IXh1YbqFuzIbp236kefp8W5Vu', 'LfsbZRlp9k', '2023-12-21 19:24:58', '2023-12-21 19:24:58'),
	(308, 'Jenifer Wisozk Jr.', 'jfeest@example.net', '2023-12-21 19:24:58', '$2y$12$eQWNqEwBcblfwYJ8QU9ju..bjWq6IXh1YbqFuzIbp236kefp8W5Vu', 'uqDuA23nX9', '2023-12-21 19:24:58', '2023-12-21 19:24:58'),
	(309, 'Victoria Schneider', 'lebsack.yazmin@example.com', '2023-12-21 19:24:58', '$2y$12$eQWNqEwBcblfwYJ8QU9ju..bjWq6IXh1YbqFuzIbp236kefp8W5Vu', 'bFXqRQJA4s', '2023-12-21 19:24:58', '2023-12-21 19:24:58'),
	(310, 'Dr. Ansley Stiedemann', 'ghegmann@example.net', '2023-12-21 19:24:58', '$2y$12$eQWNqEwBcblfwYJ8QU9ju..bjWq6IXh1YbqFuzIbp236kefp8W5Vu', 'D9xVFMlQYj', '2023-12-21 19:24:58', '2023-12-21 19:24:58'),
	(311, 'Miss Vivien Murazik', 'juwan.schoen@example.net', '2023-12-21 19:24:58', '$2y$12$eQWNqEwBcblfwYJ8QU9ju..bjWq6IXh1YbqFuzIbp236kefp8W5Vu', 'VjcMiJbyqY', '2023-12-21 19:24:58', '2023-12-21 19:24:58'),
	(312, 'Rosetta Murazik', 'pconroy@example.com', '2023-12-21 19:24:58', '$2y$12$eQWNqEwBcblfwYJ8QU9ju..bjWq6IXh1YbqFuzIbp236kefp8W5Vu', 'Y1YDLUD1Cv', '2023-12-21 19:24:58', '2023-12-21 19:24:58'),
	(313, 'Mr. Philip Huels DDS', 'towne.rose@example.org', '2023-12-21 19:24:58', '$2y$12$eQWNqEwBcblfwYJ8QU9ju..bjWq6IXh1YbqFuzIbp236kefp8W5Vu', 'xNmwCBq65R', '2023-12-21 19:24:58', '2023-12-21 19:24:58'),
	(314, 'Edwardo Jacobson', 'heaven.veum@example.org', '2023-12-21 19:24:58', '$2y$12$eQWNqEwBcblfwYJ8QU9ju..bjWq6IXh1YbqFuzIbp236kefp8W5Vu', 'NmcCDDGkDK', '2023-12-21 19:24:58', '2023-12-21 19:24:58'),
	(315, 'Andreanne Stiedemann V', 'mary69@example.net', '2023-12-21 19:24:58', '$2y$12$eQWNqEwBcblfwYJ8QU9ju..bjWq6IXh1YbqFuzIbp236kefp8W5Vu', 'nZGqlEw4vi', '2023-12-21 19:24:58', '2023-12-21 19:24:58'),
	(316, 'Victor Stroman', 'santina91@example.com', '2023-12-21 19:24:58', '$2y$12$eQWNqEwBcblfwYJ8QU9ju..bjWq6IXh1YbqFuzIbp236kefp8W5Vu', 'vFdWmhKhzZ', '2023-12-21 19:24:58', '2023-12-21 19:24:58'),
	(317, 'Annabelle Frami IV', 'sven.gutmann@example.com', '2023-12-21 19:24:58', '$2y$12$eQWNqEwBcblfwYJ8QU9ju..bjWq6IXh1YbqFuzIbp236kefp8W5Vu', '6exkkMY8P4', '2023-12-21 19:24:58', '2023-12-21 19:24:58'),
	(318, 'Vincenza Luettgen', 'polly.murazik@example.org', '2023-12-21 19:24:58', '$2y$12$eQWNqEwBcblfwYJ8QU9ju..bjWq6IXh1YbqFuzIbp236kefp8W5Vu', 'y0inOWL6WP', '2023-12-21 19:24:58', '2023-12-21 19:24:58'),
	(319, 'Ebony Herman', 'alberto.price@example.net', '2023-12-21 19:24:58', '$2y$12$eQWNqEwBcblfwYJ8QU9ju..bjWq6IXh1YbqFuzIbp236kefp8W5Vu', 'K3ZuU4aJ4C', '2023-12-21 19:24:58', '2023-12-21 19:24:58'),
	(320, 'Dwight Hirthe', 'alexane.champlin@example.com', '2023-12-21 19:24:58', '$2y$12$eQWNqEwBcblfwYJ8QU9ju..bjWq6IXh1YbqFuzIbp236kefp8W5Vu', 'fLRuc24y6Z', '2023-12-21 19:24:58', '2023-12-21 19:24:58'),
	(321, 'Cleora Trantow', 'ydoyle@example.net', '2023-12-21 19:24:58', '$2y$12$eQWNqEwBcblfwYJ8QU9ju..bjWq6IXh1YbqFuzIbp236kefp8W5Vu', 'h5ASg7U3sY', '2023-12-21 19:24:58', '2023-12-21 19:24:58'),
	(322, 'Dr. Adriana Hoppe', 'ava27@example.net', '2023-12-21 19:24:58', '$2y$12$eQWNqEwBcblfwYJ8QU9ju..bjWq6IXh1YbqFuzIbp236kefp8W5Vu', 'qKAfFsnF1d', '2023-12-21 19:24:58', '2023-12-21 19:24:58'),
	(323, 'Hassan Stehr', 'kirsten85@example.com', '2023-12-21 19:24:58', '$2y$12$eQWNqEwBcblfwYJ8QU9ju..bjWq6IXh1YbqFuzIbp236kefp8W5Vu', '7ov0uejOru', '2023-12-21 19:24:58', '2023-12-21 19:24:58'),
	(324, 'Miss Madonna Grady', 'ryder08@example.net', '2023-12-21 19:24:58', '$2y$12$eQWNqEwBcblfwYJ8QU9ju..bjWq6IXh1YbqFuzIbp236kefp8W5Vu', 'HyuJd4Uyoa', '2023-12-21 19:24:58', '2023-12-21 19:24:58'),
	(325, 'Roxane Goyette', 'ibrahim.heidenreich@example.org', '2023-12-21 19:24:58', '$2y$12$eQWNqEwBcblfwYJ8QU9ju..bjWq6IXh1YbqFuzIbp236kefp8W5Vu', 'wWQLkYkhov', '2023-12-21 19:24:58', '2023-12-21 19:24:58'),
	(326, 'Samantha Bosco', 'haley92@example.net', '2023-12-21 19:24:58', '$2y$12$eQWNqEwBcblfwYJ8QU9ju..bjWq6IXh1YbqFuzIbp236kefp8W5Vu', 'tDYjD7LmmN', '2023-12-21 19:24:58', '2023-12-21 19:24:58'),
	(327, 'Mrs. Leanna Rohan PhD', 'theresa.volkman@example.org', '2023-12-21 19:24:58', '$2y$12$eQWNqEwBcblfwYJ8QU9ju..bjWq6IXh1YbqFuzIbp236kefp8W5Vu', '3vrVVSWJL1', '2023-12-21 19:24:58', '2023-12-21 19:24:58'),
	(328, 'Maegan Klein I', 'leanne74@example.net', '2023-12-21 19:24:59', '$2y$12$eQWNqEwBcblfwYJ8QU9ju..bjWq6IXh1YbqFuzIbp236kefp8W5Vu', 'hbWAiLqp72', '2023-12-21 19:24:59', '2023-12-21 19:24:59'),
	(329, 'Lura Beatty I', 'durgan.daniela@example.net', '2023-12-21 19:24:59', '$2y$12$eQWNqEwBcblfwYJ8QU9ju..bjWq6IXh1YbqFuzIbp236kefp8W5Vu', 'DLCdW8BeQy', '2023-12-21 19:24:59', '2023-12-21 19:24:59'),
	(330, 'Mrs. Willow Hill DVM', 'agnes87@example.com', '2023-12-21 19:24:59', '$2y$12$eQWNqEwBcblfwYJ8QU9ju..bjWq6IXh1YbqFuzIbp236kefp8W5Vu', 'vRmZlnH4ei', '2023-12-21 19:24:59', '2023-12-21 19:24:59'),
	(331, 'Marcellus Pollich', 'jada51@example.net', '2023-12-21 19:24:59', '$2y$12$eQWNqEwBcblfwYJ8QU9ju..bjWq6IXh1YbqFuzIbp236kefp8W5Vu', 'UbqzDwxGz0', '2023-12-21 19:24:59', '2023-12-21 19:24:59'),
	(332, 'Mr. Jesus McKenzie MD', 'micheal48@example.com', '2023-12-21 19:24:59', '$2y$12$eQWNqEwBcblfwYJ8QU9ju..bjWq6IXh1YbqFuzIbp236kefp8W5Vu', 'ksWCkGcFjz', '2023-12-21 19:24:59', '2023-12-21 19:24:59'),
	(333, 'Deborah Reinger Jr.', 'rosa21@example.com', '2023-12-21 19:24:59', '$2y$12$eQWNqEwBcblfwYJ8QU9ju..bjWq6IXh1YbqFuzIbp236kefp8W5Vu', 'XpkvKnIG8X', '2023-12-21 19:24:59', '2023-12-21 19:24:59'),
	(334, 'Mr. Orval Leffler', 'alena25@example.net', '2023-12-21 19:24:59', '$2y$12$eQWNqEwBcblfwYJ8QU9ju..bjWq6IXh1YbqFuzIbp236kefp8W5Vu', 'LwjjOyOZgY', '2023-12-21 19:24:59', '2023-12-21 19:24:59'),
	(335, 'Mr. Constantin Wisozk', 'nquigley@example.net', '2023-12-21 19:24:59', '$2y$12$eQWNqEwBcblfwYJ8QU9ju..bjWq6IXh1YbqFuzIbp236kefp8W5Vu', 'xjcumqQ11H', '2023-12-21 19:24:59', '2023-12-21 19:24:59'),
	(336, 'Mrs. Mellie Cummerata', 'uriel92@example.org', '2023-12-21 19:24:59', '$2y$12$eQWNqEwBcblfwYJ8QU9ju..bjWq6IXh1YbqFuzIbp236kefp8W5Vu', 'wGlUJ3AqoJ', '2023-12-21 19:24:59', '2023-12-21 19:24:59'),
	(337, 'Wendy Rodriguez', 'ljacobi@example.com', '2023-12-21 19:24:59', '$2y$12$eQWNqEwBcblfwYJ8QU9ju..bjWq6IXh1YbqFuzIbp236kefp8W5Vu', 'VHR392s3GI', '2023-12-21 19:24:59', '2023-12-21 19:24:59'),
	(338, 'Justen Miller I', 'qhowell@example.org', '2023-12-21 19:24:59', '$2y$12$eQWNqEwBcblfwYJ8QU9ju..bjWq6IXh1YbqFuzIbp236kefp8W5Vu', 's8sxFu8MnF', '2023-12-21 19:24:59', '2023-12-21 19:24:59'),
	(339, 'Tommie Parker', 'hnikolaus@example.com', '2023-12-21 19:24:59', '$2y$12$eQWNqEwBcblfwYJ8QU9ju..bjWq6IXh1YbqFuzIbp236kefp8W5Vu', '6Czb1H5OGe', '2023-12-21 19:24:59', '2023-12-21 19:24:59'),
	(340, 'Rodrigo Jenkins', 'dante08@example.com', '2023-12-21 19:24:59', '$2y$12$eQWNqEwBcblfwYJ8QU9ju..bjWq6IXh1YbqFuzIbp236kefp8W5Vu', 'xiiYb6Q761', '2023-12-21 19:24:59', '2023-12-21 19:24:59'),
	(341, 'Addie Flatley', 'chris46@example.net', '2023-12-21 19:24:59', '$2y$12$eQWNqEwBcblfwYJ8QU9ju..bjWq6IXh1YbqFuzIbp236kefp8W5Vu', 'Xrm5kWqRjz', '2023-12-21 19:24:59', '2023-12-21 19:24:59'),
	(342, 'Ramiro O\'Reilly', 'dickens.william@example.org', '2023-12-21 19:24:59', '$2y$12$eQWNqEwBcblfwYJ8QU9ju..bjWq6IXh1YbqFuzIbp236kefp8W5Vu', 'IiNtD1curp', '2023-12-21 19:24:59', '2023-12-21 19:24:59'),
	(343, 'Elva Renner', 'natasha63@example.com', '2023-12-21 19:24:59', '$2y$12$eQWNqEwBcblfwYJ8QU9ju..bjWq6IXh1YbqFuzIbp236kefp8W5Vu', 'Z52XVbc46q', '2023-12-21 19:24:59', '2023-12-21 19:24:59'),
	(344, 'Prof. Keyshawn Schmidt II', 'raphaelle.satterfield@example.net', '2023-12-21 19:24:59', '$2y$12$eQWNqEwBcblfwYJ8QU9ju..bjWq6IXh1YbqFuzIbp236kefp8W5Vu', 'Q26RoLZxBv', '2023-12-21 19:24:59', '2023-12-21 19:24:59'),
	(345, 'Clarabelle Schimmel MD', 'demario08@example.net', '2023-12-21 19:24:59', '$2y$12$eQWNqEwBcblfwYJ8QU9ju..bjWq6IXh1YbqFuzIbp236kefp8W5Vu', 'uJvfyR3yQg', '2023-12-21 19:24:59', '2023-12-21 19:24:59'),
	(346, 'Paula Strosin', 'reyna16@example.org', '2023-12-21 19:24:59', '$2y$12$eQWNqEwBcblfwYJ8QU9ju..bjWq6IXh1YbqFuzIbp236kefp8W5Vu', 'jqmDeiuNlD', '2023-12-21 19:24:59', '2023-12-21 19:24:59'),
	(347, 'Dr. Alisa Keeling', 'freddy82@example.com', '2023-12-21 19:24:59', '$2y$12$eQWNqEwBcblfwYJ8QU9ju..bjWq6IXh1YbqFuzIbp236kefp8W5Vu', 'UAFKNFjkTt', '2023-12-21 19:24:59', '2023-12-21 19:24:59'),
	(348, 'Daryl Wilkinson', 'turner.royal@example.net', '2023-12-21 19:24:59', '$2y$12$eQWNqEwBcblfwYJ8QU9ju..bjWq6IXh1YbqFuzIbp236kefp8W5Vu', 'CFoeUqjNwH', '2023-12-21 19:24:59', '2023-12-21 19:24:59'),
	(349, 'Lesly Kuhn Sr.', 'conn.adella@example.com', '2023-12-21 19:24:59', '$2y$12$eQWNqEwBcblfwYJ8QU9ju..bjWq6IXh1YbqFuzIbp236kefp8W5Vu', 'UgjxYiW41A', '2023-12-21 19:24:59', '2023-12-21 19:24:59'),
	(350, 'Ashlee Sanford', 'oma15@example.net', '2023-12-21 19:24:59', '$2y$12$eQWNqEwBcblfwYJ8QU9ju..bjWq6IXh1YbqFuzIbp236kefp8W5Vu', 'yu6B1jo56r', '2023-12-21 19:24:59', '2023-12-21 19:24:59'),
	(351, 'Ari Fadel Sr.', 'mclaughlin.ezekiel@example.net', '2023-12-21 19:24:59', '$2y$12$eQWNqEwBcblfwYJ8QU9ju..bjWq6IXh1YbqFuzIbp236kefp8W5Vu', 'A5ttT0RF4M', '2023-12-21 19:24:59', '2023-12-21 19:24:59'),
	(352, 'Braeden Koch', 'gladyce56@example.net', '2023-12-21 19:24:59', '$2y$12$eQWNqEwBcblfwYJ8QU9ju..bjWq6IXh1YbqFuzIbp236kefp8W5Vu', '0rePlyhXph', '2023-12-21 19:24:59', '2023-12-21 19:24:59'),
	(353, 'Geovanni Hermiston V', 'hoppe.linda@example.net', '2023-12-21 19:24:59', '$2y$12$eQWNqEwBcblfwYJ8QU9ju..bjWq6IXh1YbqFuzIbp236kefp8W5Vu', 'FHyomtdbJk', '2023-12-21 19:24:59', '2023-12-21 19:24:59'),
	(354, 'Osborne Turner', 'wquitzon@example.net', '2023-12-21 19:24:59', '$2y$12$eQWNqEwBcblfwYJ8QU9ju..bjWq6IXh1YbqFuzIbp236kefp8W5Vu', 'fImoB5z5AU', '2023-12-21 19:24:59', '2023-12-21 19:24:59'),
	(355, 'Odell Barton DDS', 'buddy66@example.org', '2023-12-21 19:24:59', '$2y$12$eQWNqEwBcblfwYJ8QU9ju..bjWq6IXh1YbqFuzIbp236kefp8W5Vu', 'Tn58jCnCiN', '2023-12-21 19:24:59', '2023-12-21 19:24:59'),
	(356, 'Dandre Schamberger', 'hammes.jamel@example.com', '2023-12-21 19:24:59', '$2y$12$eQWNqEwBcblfwYJ8QU9ju..bjWq6IXh1YbqFuzIbp236kefp8W5Vu', 'ZX9a7kBV3S', '2023-12-21 19:24:59', '2023-12-21 19:24:59'),
	(357, 'Tristian Kassulke', 'delmer94@example.org', '2023-12-21 19:24:59', '$2y$12$eQWNqEwBcblfwYJ8QU9ju..bjWq6IXh1YbqFuzIbp236kefp8W5Vu', 'rnek4ZCw0e', '2023-12-21 19:24:59', '2023-12-21 19:24:59'),
	(358, 'Mrs. Alexandria Ziemann Jr.', 'william90@example.com', '2023-12-21 19:24:59', '$2y$12$eQWNqEwBcblfwYJ8QU9ju..bjWq6IXh1YbqFuzIbp236kefp8W5Vu', 'sMUOhKvpwj', '2023-12-21 19:24:59', '2023-12-21 19:24:59'),
	(359, 'Thomas Gleichner', 'lbraun@example.com', '2023-12-21 19:24:59', '$2y$12$eQWNqEwBcblfwYJ8QU9ju..bjWq6IXh1YbqFuzIbp236kefp8W5Vu', 'YyUzrIoiA1', '2023-12-21 19:24:59', '2023-12-21 19:24:59'),
	(360, 'Reed Swift', 'lenora89@example.com', '2023-12-21 19:24:59', '$2y$12$eQWNqEwBcblfwYJ8QU9ju..bjWq6IXh1YbqFuzIbp236kefp8W5Vu', 'qeY9P2HsKa', '2023-12-21 19:24:59', '2023-12-21 19:24:59'),
	(361, 'Laurence Swift DVM', 'zcummings@example.org', '2023-12-21 19:24:59', '$2y$12$eQWNqEwBcblfwYJ8QU9ju..bjWq6IXh1YbqFuzIbp236kefp8W5Vu', 'QZx0K98z7h', '2023-12-21 19:24:59', '2023-12-21 19:24:59'),
	(362, 'Chad Walter', 'amya47@example.org', '2023-12-21 19:24:59', '$2y$12$eQWNqEwBcblfwYJ8QU9ju..bjWq6IXh1YbqFuzIbp236kefp8W5Vu', 'qJkUaWOV0q', '2023-12-21 19:24:59', '2023-12-21 19:24:59'),
	(363, 'Prof. Kendrick Stroman Sr.', 'lfarrell@example.org', '2023-12-21 19:24:59', '$2y$12$eQWNqEwBcblfwYJ8QU9ju..bjWq6IXh1YbqFuzIbp236kefp8W5Vu', 'SPAdeyFLbO', '2023-12-21 19:24:59', '2023-12-21 19:24:59'),
	(364, 'D\'angelo Leuschke', 'reuben.mcdermott@example.org', '2023-12-21 19:24:59', '$2y$12$eQWNqEwBcblfwYJ8QU9ju..bjWq6IXh1YbqFuzIbp236kefp8W5Vu', 'oyERqanGNE', '2023-12-21 19:24:59', '2023-12-21 19:24:59'),
	(365, 'Adella Lueilwitz', 'pdoyle@example.com', '2023-12-21 19:24:59', '$2y$12$eQWNqEwBcblfwYJ8QU9ju..bjWq6IXh1YbqFuzIbp236kefp8W5Vu', 'H6esJUyNFr', '2023-12-21 19:24:59', '2023-12-21 19:24:59'),
	(366, 'Prof. Khalil Mayert MD', 'herminio.vonrueden@example.com', '2023-12-21 19:24:59', '$2y$12$eQWNqEwBcblfwYJ8QU9ju..bjWq6IXh1YbqFuzIbp236kefp8W5Vu', 'AZlQaHP31q', '2023-12-21 19:24:59', '2023-12-21 19:24:59'),
	(367, 'Ms. Faye Upton I', 'abdiel.fisher@example.net', '2023-12-21 19:24:59', '$2y$12$eQWNqEwBcblfwYJ8QU9ju..bjWq6IXh1YbqFuzIbp236kefp8W5Vu', 'b33Gsh8Ogi', '2023-12-21 19:24:59', '2023-12-21 19:24:59'),
	(368, 'Miss Golda Weissnat', 'baron.hilpert@example.org', '2023-12-21 19:24:59', '$2y$12$eQWNqEwBcblfwYJ8QU9ju..bjWq6IXh1YbqFuzIbp236kefp8W5Vu', 'CMzyY58owG', '2023-12-21 19:24:59', '2023-12-21 19:24:59'),
	(369, 'Rowan Aufderhar', 'mjakubowski@example.com', '2023-12-21 19:24:59', '$2y$12$eQWNqEwBcblfwYJ8QU9ju..bjWq6IXh1YbqFuzIbp236kefp8W5Vu', 'moa19EekEY', '2023-12-21 19:24:59', '2023-12-21 19:24:59'),
	(370, 'Prof. Jacklyn Kerluke III', 'marvin.mose@example.org', '2023-12-21 19:24:59', '$2y$12$eQWNqEwBcblfwYJ8QU9ju..bjWq6IXh1YbqFuzIbp236kefp8W5Vu', 'BhVpjABnkC', '2023-12-21 19:24:59', '2023-12-21 19:24:59'),
	(371, 'Keith Little', 'esther.koepp@example.com', '2023-12-21 19:24:59', '$2y$12$eQWNqEwBcblfwYJ8QU9ju..bjWq6IXh1YbqFuzIbp236kefp8W5Vu', 'K3x9sdD8bU', '2023-12-21 19:24:59', '2023-12-21 19:24:59'),
	(372, 'Sydney Feest', 'ahammes@example.com', '2023-12-21 19:24:59', '$2y$12$eQWNqEwBcblfwYJ8QU9ju..bjWq6IXh1YbqFuzIbp236kefp8W5Vu', 'ZBVHWxobMi', '2023-12-21 19:24:59', '2023-12-21 19:24:59'),
	(373, 'Agnes Mertz MD', 'richmond38@example.net', '2023-12-21 19:24:59', '$2y$12$eQWNqEwBcblfwYJ8QU9ju..bjWq6IXh1YbqFuzIbp236kefp8W5Vu', '1UJA7SD56p', '2023-12-21 19:24:59', '2023-12-21 19:24:59'),
	(374, 'Lilian Bernier I', 'hoppe.wilfred@example.com', '2023-12-21 19:24:59', '$2y$12$eQWNqEwBcblfwYJ8QU9ju..bjWq6IXh1YbqFuzIbp236kefp8W5Vu', 'kX9HqcaGQe', '2023-12-21 19:24:59', '2023-12-21 19:24:59'),
	(375, 'Rylan Wisozk', 'metz.terrell@example.com', '2023-12-21 19:24:59', '$2y$12$eQWNqEwBcblfwYJ8QU9ju..bjWq6IXh1YbqFuzIbp236kefp8W5Vu', '9FMKn4Ymlv', '2023-12-21 19:24:59', '2023-12-21 19:24:59'),
	(376, 'Cierra Murazik', 'era.ryan@example.com', '2023-12-21 19:24:59', '$2y$12$eQWNqEwBcblfwYJ8QU9ju..bjWq6IXh1YbqFuzIbp236kefp8W5Vu', 'Iz832SH5VN', '2023-12-21 19:24:59', '2023-12-21 19:24:59'),
	(377, 'Drake Lind', 'amber56@example.org', '2023-12-21 19:24:59', '$2y$12$eQWNqEwBcblfwYJ8QU9ju..bjWq6IXh1YbqFuzIbp236kefp8W5Vu', 'jTQRU3on5H', '2023-12-21 19:24:59', '2023-12-21 19:24:59'),
	(378, 'Percival Turner DDS', 'elmer.collier@example.org', '2023-12-21 19:24:59', '$2y$12$eQWNqEwBcblfwYJ8QU9ju..bjWq6IXh1YbqFuzIbp236kefp8W5Vu', 'dkDKHW5UMJ', '2023-12-21 19:24:59', '2023-12-21 19:24:59'),
	(379, 'Joe Fahey', 'thiel.shaylee@example.com', '2023-12-21 19:24:59', '$2y$12$eQWNqEwBcblfwYJ8QU9ju..bjWq6IXh1YbqFuzIbp236kefp8W5Vu', 'jNY0lTM0Kz', '2023-12-21 19:24:59', '2023-12-21 19:24:59'),
	(380, 'Dominique Davis', 'astrid.bashirian@example.org', '2023-12-21 19:24:59', '$2y$12$eQWNqEwBcblfwYJ8QU9ju..bjWq6IXh1YbqFuzIbp236kefp8W5Vu', 'Al7QaEyTWB', '2023-12-21 19:24:59', '2023-12-21 19:24:59'),
	(381, 'Otho Bruen', 'ashtyn18@example.net', '2023-12-21 19:24:59', '$2y$12$eQWNqEwBcblfwYJ8QU9ju..bjWq6IXh1YbqFuzIbp236kefp8W5Vu', '6xRzqaP6yJ', '2023-12-21 19:24:59', '2023-12-21 19:24:59'),
	(382, 'Vaughn Romaguera', 'vjerde@example.net', '2023-12-21 19:24:59', '$2y$12$eQWNqEwBcblfwYJ8QU9ju..bjWq6IXh1YbqFuzIbp236kefp8W5Vu', 'gIFuSncCe6', '2023-12-21 19:24:59', '2023-12-21 19:24:59'),
	(383, 'Jon Wolf III', 'lavern.metz@example.org', '2023-12-21 19:24:59', '$2y$12$eQWNqEwBcblfwYJ8QU9ju..bjWq6IXh1YbqFuzIbp236kefp8W5Vu', 'I5uFxWNIpp', '2023-12-21 19:24:59', '2023-12-21 19:24:59'),
	(384, 'Keeley Cormier', 'roman00@example.com', '2023-12-21 19:24:59', '$2y$12$eQWNqEwBcblfwYJ8QU9ju..bjWq6IXh1YbqFuzIbp236kefp8W5Vu', '5aEeh5ePZz', '2023-12-21 19:24:59', '2023-12-21 19:24:59'),
	(385, 'Abraham Senger', 'werner21@example.net', '2023-12-21 19:24:59', '$2y$12$eQWNqEwBcblfwYJ8QU9ju..bjWq6IXh1YbqFuzIbp236kefp8W5Vu', 'qEiMDMaHVZ', '2023-12-21 19:24:59', '2023-12-21 19:24:59'),
	(386, 'Raphaelle Bernhard', 'mlarkin@example.net', '2023-12-21 19:24:59', '$2y$12$eQWNqEwBcblfwYJ8QU9ju..bjWq6IXh1YbqFuzIbp236kefp8W5Vu', 'BwRlbDBLKl', '2023-12-21 19:24:59', '2023-12-21 19:24:59'),
	(387, 'Ms. Willie Mann', 'jess96@example.net', '2023-12-21 19:24:59', '$2y$12$eQWNqEwBcblfwYJ8QU9ju..bjWq6IXh1YbqFuzIbp236kefp8W5Vu', 'Q9obmYOUsY', '2023-12-21 19:24:59', '2023-12-21 19:24:59'),
	(388, 'Ms. Valentine Lockman', 'hattie.orn@example.net', '2023-12-21 19:24:59', '$2y$12$eQWNqEwBcblfwYJ8QU9ju..bjWq6IXh1YbqFuzIbp236kefp8W5Vu', 'pa1QxZs0U7', '2023-12-21 19:24:59', '2023-12-21 19:24:59'),
	(389, 'Antone Collins', 'medhurst.hiram@example.com', '2023-12-21 19:24:59', '$2y$12$eQWNqEwBcblfwYJ8QU9ju..bjWq6IXh1YbqFuzIbp236kefp8W5Vu', 'vueoLYp3tL', '2023-12-21 19:24:59', '2023-12-21 19:24:59'),
	(390, 'Assunta Harris DVM', 'eboehm@example.org', '2023-12-21 19:24:59', '$2y$12$eQWNqEwBcblfwYJ8QU9ju..bjWq6IXh1YbqFuzIbp236kefp8W5Vu', 'IxsU51wzo5', '2023-12-21 19:24:59', '2023-12-21 19:24:59'),
	(391, 'Timmy Lowe', 'cordie.turner@example.org', '2023-12-21 19:24:59', '$2y$12$eQWNqEwBcblfwYJ8QU9ju..bjWq6IXh1YbqFuzIbp236kefp8W5Vu', 'faETRet7Vq', '2023-12-21 19:24:59', '2023-12-21 19:24:59'),
	(392, 'Sarai Ullrich II', 'madonna54@example.com', '2023-12-21 19:24:59', '$2y$12$eQWNqEwBcblfwYJ8QU9ju..bjWq6IXh1YbqFuzIbp236kefp8W5Vu', 'GyQcxO0GOq', '2023-12-21 19:24:59', '2023-12-21 19:24:59'),
	(393, 'Miss Eloise Schaefer', 'wisozk.lisette@example.org', '2023-12-21 19:24:59', '$2y$12$eQWNqEwBcblfwYJ8QU9ju..bjWq6IXh1YbqFuzIbp236kefp8W5Vu', 'lDSK5Lxe6g', '2023-12-21 19:24:59', '2023-12-21 19:24:59'),
	(394, 'Okey Wolff', 'jacobs.richmond@example.net', '2023-12-21 19:24:59', '$2y$12$eQWNqEwBcblfwYJ8QU9ju..bjWq6IXh1YbqFuzIbp236kefp8W5Vu', 'TYBQVNkLTh', '2023-12-21 19:24:59', '2023-12-21 19:24:59'),
	(395, 'Ramiro Dach', 'morissette.zoe@example.org', '2023-12-21 19:24:59', '$2y$12$eQWNqEwBcblfwYJ8QU9ju..bjWq6IXh1YbqFuzIbp236kefp8W5Vu', 'dgPkltC4R9', '2023-12-21 19:24:59', '2023-12-21 19:24:59'),
	(396, 'Ms. Stephania Runolfsdottir PhD', 'wmorar@example.com', '2023-12-21 19:24:59', '$2y$12$eQWNqEwBcblfwYJ8QU9ju..bjWq6IXh1YbqFuzIbp236kefp8W5Vu', 'qQdJtoBHjG', '2023-12-21 19:24:59', '2023-12-21 19:24:59'),
	(397, 'Miss Letitia Dickens II', 'brekke.sabryna@example.org', '2023-12-21 19:24:59', '$2y$12$eQWNqEwBcblfwYJ8QU9ju..bjWq6IXh1YbqFuzIbp236kefp8W5Vu', 'ddoMamPRwe', '2023-12-21 19:24:59', '2023-12-21 19:24:59'),
	(398, 'Miss Lempi Nolan II', 'christine.dickinson@example.net', '2023-12-21 19:24:59', '$2y$12$eQWNqEwBcblfwYJ8QU9ju..bjWq6IXh1YbqFuzIbp236kefp8W5Vu', 'juK68nvv8g', '2023-12-21 19:24:59', '2023-12-21 19:24:59'),
	(399, 'Dr. Bernard Pacocha V', 'keeling.zion@example.net', '2023-12-21 19:24:59', '$2y$12$eQWNqEwBcblfwYJ8QU9ju..bjWq6IXh1YbqFuzIbp236kefp8W5Vu', 'hcJceYY3dn', '2023-12-21 19:24:59', '2023-12-21 19:24:59'),
	(400, 'Ms. Fabiola Hickle Jr.', 'jquitzon@example.net', '2023-12-21 19:24:59', '$2y$12$eQWNqEwBcblfwYJ8QU9ju..bjWq6IXh1YbqFuzIbp236kefp8W5Vu', 'kuc7jLlsCt', '2023-12-21 19:24:59', '2023-12-21 19:24:59'),
	(401, 'Moses Nitzsche', 'jarrod.walter@example.org', '2023-12-21 19:28:48', '$2y$12$4bxbWM7V79vpwZTmHRLp/.QFbQauM79mpVBTCWlpj4.0Gs7XYGNEa', '6A1ZOOz2Rc', '2023-12-21 19:28:48', '2023-12-21 19:28:48'),
	(402, 'Mrs. Kaci Klein', 'yundt.maegan@example.org', '2023-12-21 19:28:48', '$2y$12$4bxbWM7V79vpwZTmHRLp/.QFbQauM79mpVBTCWlpj4.0Gs7XYGNEa', 'kCGG0pKSZH', '2023-12-21 19:28:48', '2023-12-21 19:28:48'),
	(403, 'Lorenzo Hackett I', 'edwina68@example.org', '2023-12-21 19:28:48', '$2y$12$4bxbWM7V79vpwZTmHRLp/.QFbQauM79mpVBTCWlpj4.0Gs7XYGNEa', 'YofIgKVbML', '2023-12-21 19:28:48', '2023-12-21 19:28:48'),
	(404, 'Mr. Jamar Beatty', 'xrunolfsson@example.com', '2023-12-21 19:28:48', '$2y$12$4bxbWM7V79vpwZTmHRLp/.QFbQauM79mpVBTCWlpj4.0Gs7XYGNEa', 'Lqc1FCoHYg', '2023-12-21 19:28:48', '2023-12-21 19:28:48'),
	(405, 'Miss Sarina Buckridge', 'plockman@example.org', '2023-12-21 19:28:48', '$2y$12$4bxbWM7V79vpwZTmHRLp/.QFbQauM79mpVBTCWlpj4.0Gs7XYGNEa', 'DIrhNY2pcb', '2023-12-21 19:28:48', '2023-12-21 19:28:48'),
	(406, 'Ms. Eleanora Hagenes', 'bogisich.jeff@example.org', '2023-12-21 19:28:48', '$2y$12$4bxbWM7V79vpwZTmHRLp/.QFbQauM79mpVBTCWlpj4.0Gs7XYGNEa', 'fKccQu8FYj', '2023-12-21 19:28:48', '2023-12-21 19:28:48'),
	(407, 'Juvenal Runolfsson', 'obaumbach@example.com', '2023-12-21 19:28:48', '$2y$12$4bxbWM7V79vpwZTmHRLp/.QFbQauM79mpVBTCWlpj4.0Gs7XYGNEa', '1uZd0YGvxF', '2023-12-21 19:28:48', '2023-12-21 19:28:48'),
	(408, 'Abigail Romaguera', 'arnold.smitham@example.org', '2023-12-21 19:28:48', '$2y$12$4bxbWM7V79vpwZTmHRLp/.QFbQauM79mpVBTCWlpj4.0Gs7XYGNEa', 'K1fssVUoJR', '2023-12-21 19:28:48', '2023-12-21 19:28:48'),
	(409, 'Xander Dibbert', 'fking@example.com', '2023-12-21 19:28:48', '$2y$12$4bxbWM7V79vpwZTmHRLp/.QFbQauM79mpVBTCWlpj4.0Gs7XYGNEa', '3Q0XZkoRzm', '2023-12-21 19:28:48', '2023-12-21 19:28:48'),
	(410, 'Toy Hoppe', 'isobel.bartoletti@example.com', '2023-12-21 19:28:48', '$2y$12$4bxbWM7V79vpwZTmHRLp/.QFbQauM79mpVBTCWlpj4.0Gs7XYGNEa', 'vr4WJOPGiE', '2023-12-21 19:28:48', '2023-12-21 19:28:48'),
	(411, 'Dessie Schiller', 'pparisian@example.com', '2023-12-21 19:28:48', '$2y$12$4bxbWM7V79vpwZTmHRLp/.QFbQauM79mpVBTCWlpj4.0Gs7XYGNEa', 'mONWUCfTiY', '2023-12-21 19:28:48', '2023-12-21 19:28:48'),
	(412, 'Keon Kreiger', 'vallie60@example.net', '2023-12-21 19:28:48', '$2y$12$4bxbWM7V79vpwZTmHRLp/.QFbQauM79mpVBTCWlpj4.0Gs7XYGNEa', 'opDl8IoGO3', '2023-12-21 19:28:48', '2023-12-21 19:28:48'),
	(413, 'Paula Metz V', 'jerde.samanta@example.com', '2023-12-21 19:28:48', '$2y$12$4bxbWM7V79vpwZTmHRLp/.QFbQauM79mpVBTCWlpj4.0Gs7XYGNEa', 'zqtKjUAPIU', '2023-12-21 19:28:48', '2023-12-21 19:28:48'),
	(414, 'Prof. Monty Schmeler Jr.', 'otis76@example.org', '2023-12-21 19:28:48', '$2y$12$4bxbWM7V79vpwZTmHRLp/.QFbQauM79mpVBTCWlpj4.0Gs7XYGNEa', 'jJzyYqNwiC', '2023-12-21 19:28:48', '2023-12-21 19:28:48'),
	(415, 'Will Lehner', 'raven.crooks@example.net', '2023-12-21 19:28:48', '$2y$12$4bxbWM7V79vpwZTmHRLp/.QFbQauM79mpVBTCWlpj4.0Gs7XYGNEa', '8YD1olCkmh', '2023-12-21 19:28:48', '2023-12-21 19:28:48'),
	(416, 'Loyal Turcotte', 'batz.camron@example.org', '2023-12-21 19:28:48', '$2y$12$4bxbWM7V79vpwZTmHRLp/.QFbQauM79mpVBTCWlpj4.0Gs7XYGNEa', 'nu1Tlmtrb4', '2023-12-21 19:28:48', '2023-12-21 19:28:48'),
	(417, 'Hermina Schaefer', 'wsatterfield@example.net', '2023-12-21 19:28:48', '$2y$12$4bxbWM7V79vpwZTmHRLp/.QFbQauM79mpVBTCWlpj4.0Gs7XYGNEa', 'B7TLdCTSDx', '2023-12-21 19:28:48', '2023-12-21 19:28:48'),
	(418, 'Holden Koss', 'alfreda.yundt@example.org', '2023-12-21 19:28:48', '$2y$12$4bxbWM7V79vpwZTmHRLp/.QFbQauM79mpVBTCWlpj4.0Gs7XYGNEa', 'Qb8dB212Ai', '2023-12-21 19:28:48', '2023-12-21 19:28:48'),
	(419, 'Rashawn Simonis Jr.', 'gislason.clementine@example.org', '2023-12-21 19:28:48', '$2y$12$4bxbWM7V79vpwZTmHRLp/.QFbQauM79mpVBTCWlpj4.0Gs7XYGNEa', 'yB11NXqRlj', '2023-12-21 19:28:48', '2023-12-21 19:28:48'),
	(420, 'Dante Sipes', 'helene.abernathy@example.net', '2023-12-21 19:28:48', '$2y$12$4bxbWM7V79vpwZTmHRLp/.QFbQauM79mpVBTCWlpj4.0Gs7XYGNEa', 'NVrMdkHbnr', '2023-12-21 19:28:48', '2023-12-21 19:28:48'),
	(421, 'Dr. Ernie Howe', 'sauer.joanne@example.org', '2023-12-21 19:28:48', '$2y$12$4bxbWM7V79vpwZTmHRLp/.QFbQauM79mpVBTCWlpj4.0Gs7XYGNEa', 'IfGyB846bQ', '2023-12-21 19:28:48', '2023-12-21 19:28:48'),
	(422, 'Mr. Van Rolfson DDS', 'justine.doyle@example.net', '2023-12-21 19:28:48', '$2y$12$4bxbWM7V79vpwZTmHRLp/.QFbQauM79mpVBTCWlpj4.0Gs7XYGNEa', 'ARt4u0WWdf', '2023-12-21 19:28:48', '2023-12-21 19:28:48'),
	(423, 'Doug Dare', 'weimann.mckayla@example.com', '2023-12-21 19:28:48', '$2y$12$4bxbWM7V79vpwZTmHRLp/.QFbQauM79mpVBTCWlpj4.0Gs7XYGNEa', 'oT8QDpCctY', '2023-12-21 19:28:48', '2023-12-21 19:28:48'),
	(424, 'Ofelia Daugherty', 'ywitting@example.com', '2023-12-21 19:28:48', '$2y$12$4bxbWM7V79vpwZTmHRLp/.QFbQauM79mpVBTCWlpj4.0Gs7XYGNEa', 'JcauDZd63E', '2023-12-21 19:28:48', '2023-12-21 19:28:48'),
	(425, 'Mikel Langosh', 'delaney.conroy@example.com', '2023-12-21 19:28:48', '$2y$12$4bxbWM7V79vpwZTmHRLp/.QFbQauM79mpVBTCWlpj4.0Gs7XYGNEa', 'zOMWhecybz', '2023-12-21 19:28:48', '2023-12-21 19:28:48'),
	(426, 'Bethany Purdy Sr.', 'sauer.theresia@example.org', '2023-12-21 19:28:48', '$2y$12$4bxbWM7V79vpwZTmHRLp/.QFbQauM79mpVBTCWlpj4.0Gs7XYGNEa', 'eM62HjSjj2', '2023-12-21 19:28:48', '2023-12-21 19:28:48'),
	(427, 'Laurel Weissnat', 'judd.renner@example.net', '2023-12-21 19:28:48', '$2y$12$4bxbWM7V79vpwZTmHRLp/.QFbQauM79mpVBTCWlpj4.0Gs7XYGNEa', '8PexkqQstK', '2023-12-21 19:28:48', '2023-12-21 19:28:48'),
	(428, 'Cary Emard', 'leila.jacobi@example.org', '2023-12-21 19:28:48', '$2y$12$4bxbWM7V79vpwZTmHRLp/.QFbQauM79mpVBTCWlpj4.0Gs7XYGNEa', 'aQ6QBaDeW4', '2023-12-21 19:28:48', '2023-12-21 19:28:48'),
	(429, 'Abagail Berge', 'scot81@example.org', '2023-12-21 19:28:48', '$2y$12$4bxbWM7V79vpwZTmHRLp/.QFbQauM79mpVBTCWlpj4.0Gs7XYGNEa', 'E7k6rpTJJ5', '2023-12-21 19:28:48', '2023-12-21 19:28:48'),
	(430, 'Woodrow Hyatt DVM', 'marquardt.alison@example.org', '2023-12-21 19:28:48', '$2y$12$4bxbWM7V79vpwZTmHRLp/.QFbQauM79mpVBTCWlpj4.0Gs7XYGNEa', 'q9QrrrjsfH', '2023-12-21 19:28:48', '2023-12-21 19:28:48'),
	(431, 'Carlee Feest', 'brittany.terry@example.org', '2023-12-21 19:28:48', '$2y$12$4bxbWM7V79vpwZTmHRLp/.QFbQauM79mpVBTCWlpj4.0Gs7XYGNEa', '4GrrFTxVcM', '2023-12-21 19:28:48', '2023-12-21 19:28:48'),
	(432, 'Shemar Crist', 'dnienow@example.org', '2023-12-21 19:28:48', '$2y$12$4bxbWM7V79vpwZTmHRLp/.QFbQauM79mpVBTCWlpj4.0Gs7XYGNEa', '1kMS73aW8X', '2023-12-21 19:28:48', '2023-12-21 19:28:48'),
	(433, 'Dr. Forrest Prosacco Jr.', 'penelope96@example.com', '2023-12-21 19:28:48', '$2y$12$4bxbWM7V79vpwZTmHRLp/.QFbQauM79mpVBTCWlpj4.0Gs7XYGNEa', 'uHlyIWTfRP', '2023-12-21 19:28:48', '2023-12-21 19:28:48'),
	(434, 'Annabelle Robel', 'ryder57@example.org', '2023-12-21 19:28:48', '$2y$12$4bxbWM7V79vpwZTmHRLp/.QFbQauM79mpVBTCWlpj4.0Gs7XYGNEa', 'MaEixqiCPA', '2023-12-21 19:28:48', '2023-12-21 19:28:48'),
	(435, 'Mr. Montana Vandervort', 'gisselle38@example.org', '2023-12-21 19:28:48', '$2y$12$4bxbWM7V79vpwZTmHRLp/.QFbQauM79mpVBTCWlpj4.0Gs7XYGNEa', 'ZsCBmOHXrp', '2023-12-21 19:28:48', '2023-12-21 19:28:48'),
	(436, 'Janiya Willms', 'kuhic.marion@example.net', '2023-12-21 19:28:48', '$2y$12$4bxbWM7V79vpwZTmHRLp/.QFbQauM79mpVBTCWlpj4.0Gs7XYGNEa', 'Pv4FRePD01', '2023-12-21 19:28:48', '2023-12-21 19:28:48'),
	(437, 'Coby Prosacco', 'friesen.skyla@example.net', '2023-12-21 19:28:48', '$2y$12$4bxbWM7V79vpwZTmHRLp/.QFbQauM79mpVBTCWlpj4.0Gs7XYGNEa', 'gaj3q5aCPa', '2023-12-21 19:28:48', '2023-12-21 19:28:48'),
	(438, 'Mrs. Claudine Block', 'hoeger.denis@example.com', '2023-12-21 19:28:48', '$2y$12$4bxbWM7V79vpwZTmHRLp/.QFbQauM79mpVBTCWlpj4.0Gs7XYGNEa', 'GwTviif5La', '2023-12-21 19:28:48', '2023-12-21 19:28:48'),
	(439, 'Jamie Gerhold', 'cgreen@example.com', '2023-12-21 19:28:48', '$2y$12$4bxbWM7V79vpwZTmHRLp/.QFbQauM79mpVBTCWlpj4.0Gs7XYGNEa', 'iIQOrWkI9M', '2023-12-21 19:28:48', '2023-12-21 19:28:48'),
	(440, 'London Friesen', 'harvey.luz@example.com', '2023-12-21 19:28:48', '$2y$12$4bxbWM7V79vpwZTmHRLp/.QFbQauM79mpVBTCWlpj4.0Gs7XYGNEa', '0zxH3ZagPa', '2023-12-21 19:28:48', '2023-12-21 19:28:48'),
	(441, 'Eileen Legros', 'tamara.bogisich@example.com', '2023-12-21 19:28:48', '$2y$12$4bxbWM7V79vpwZTmHRLp/.QFbQauM79mpVBTCWlpj4.0Gs7XYGNEa', 'HCbqGgmxdO', '2023-12-21 19:28:48', '2023-12-21 19:28:48'),
	(442, 'Santiago Flatley', 'sauer.gregory@example.com', '2023-12-21 19:28:48', '$2y$12$4bxbWM7V79vpwZTmHRLp/.QFbQauM79mpVBTCWlpj4.0Gs7XYGNEa', 'eracRLFn4r', '2023-12-21 19:28:48', '2023-12-21 19:28:48'),
	(443, 'Elyse Hodkiewicz', 'brad.swaniawski@example.org', '2023-12-21 19:28:48', '$2y$12$4bxbWM7V79vpwZTmHRLp/.QFbQauM79mpVBTCWlpj4.0Gs7XYGNEa', 'EakOlNMFkR', '2023-12-21 19:28:48', '2023-12-21 19:28:48'),
	(444, 'Hyman Padberg', 'gibson.delphia@example.org', '2023-12-21 19:28:48', '$2y$12$4bxbWM7V79vpwZTmHRLp/.QFbQauM79mpVBTCWlpj4.0Gs7XYGNEa', 'hZSrJnQw4O', '2023-12-21 19:28:48', '2023-12-21 19:28:48'),
	(445, 'Maymie Ankunding', 'zcassin@example.net', '2023-12-21 19:28:48', '$2y$12$4bxbWM7V79vpwZTmHRLp/.QFbQauM79mpVBTCWlpj4.0Gs7XYGNEa', 'Gkfj8kspBT', '2023-12-21 19:28:48', '2023-12-21 19:28:48'),
	(446, 'Prof. Daphney Predovic V', 'christelle.dickinson@example.net', '2023-12-21 19:28:48', '$2y$12$4bxbWM7V79vpwZTmHRLp/.QFbQauM79mpVBTCWlpj4.0Gs7XYGNEa', 'vxdYpjiV7C', '2023-12-21 19:28:48', '2023-12-21 19:28:48'),
	(447, 'Delfina Sipes', 'tharvey@example.net', '2023-12-21 19:28:48', '$2y$12$4bxbWM7V79vpwZTmHRLp/.QFbQauM79mpVBTCWlpj4.0Gs7XYGNEa', 'GemZGCpTsJ', '2023-12-21 19:28:48', '2023-12-21 19:28:48'),
	(448, 'Walton Reilly', 'lesch.marianna@example.org', '2023-12-21 19:28:48', '$2y$12$4bxbWM7V79vpwZTmHRLp/.QFbQauM79mpVBTCWlpj4.0Gs7XYGNEa', '6qQmJQcm8m', '2023-12-21 19:28:48', '2023-12-21 19:28:48'),
	(449, 'Sylvan Larkin', 'glenna.jones@example.com', '2023-12-21 19:28:48', '$2y$12$4bxbWM7V79vpwZTmHRLp/.QFbQauM79mpVBTCWlpj4.0Gs7XYGNEa', '6xWSNnnoh5', '2023-12-21 19:28:48', '2023-12-21 19:28:48'),
	(450, 'Mr. Desmond Schoen', 'laurel72@example.com', '2023-12-21 19:28:48', '$2y$12$4bxbWM7V79vpwZTmHRLp/.QFbQauM79mpVBTCWlpj4.0Gs7XYGNEa', 'A6FREGOp3L', '2023-12-21 19:28:48', '2023-12-21 19:28:48'),
	(451, 'Dr. Sammy Pollich', 'dprosacco@example.com', '2023-12-21 19:28:48', '$2y$12$4bxbWM7V79vpwZTmHRLp/.QFbQauM79mpVBTCWlpj4.0Gs7XYGNEa', 'Rzgft87Si1', '2023-12-21 19:28:48', '2023-12-21 19:28:48'),
	(452, 'Evangeline Adams', 'qpurdy@example.org', '2023-12-21 19:28:48', '$2y$12$4bxbWM7V79vpwZTmHRLp/.QFbQauM79mpVBTCWlpj4.0Gs7XYGNEa', 'NgakKNERqA', '2023-12-21 19:28:48', '2023-12-21 19:28:48'),
	(453, 'Mackenzie Moen', 'proob@example.org', '2023-12-21 19:28:48', '$2y$12$4bxbWM7V79vpwZTmHRLp/.QFbQauM79mpVBTCWlpj4.0Gs7XYGNEa', 'g4Si36Gkkt', '2023-12-21 19:28:48', '2023-12-21 19:28:48'),
	(454, 'Jordy Bernhard DVM', 'llynch@example.com', '2023-12-21 19:28:48', '$2y$12$4bxbWM7V79vpwZTmHRLp/.QFbQauM79mpVBTCWlpj4.0Gs7XYGNEa', 'aBtQ1Lgmpf', '2023-12-21 19:28:48', '2023-12-21 19:28:48'),
	(455, 'Dr. Morris Denesik MD', 'herta.corkery@example.net', '2023-12-21 19:28:48', '$2y$12$4bxbWM7V79vpwZTmHRLp/.QFbQauM79mpVBTCWlpj4.0Gs7XYGNEa', 'tlUGJDEK7s', '2023-12-21 19:28:48', '2023-12-21 19:28:48'),
	(456, 'Jesus Stokes', 'lisa.greenholt@example.org', '2023-12-21 19:28:48', '$2y$12$4bxbWM7V79vpwZTmHRLp/.QFbQauM79mpVBTCWlpj4.0Gs7XYGNEa', 'jG0BNYMjib', '2023-12-21 19:28:48', '2023-12-21 19:28:48'),
	(457, 'Zachariah McDermott DDS', 'briana.gutmann@example.net', '2023-12-21 19:28:48', '$2y$12$4bxbWM7V79vpwZTmHRLp/.QFbQauM79mpVBTCWlpj4.0Gs7XYGNEa', 'O83Yr5cSN5', '2023-12-21 19:28:48', '2023-12-21 19:28:48'),
	(458, 'Dr. Bailee Cronin I', 'ashleigh24@example.net', '2023-12-21 19:28:48', '$2y$12$4bxbWM7V79vpwZTmHRLp/.QFbQauM79mpVBTCWlpj4.0Gs7XYGNEa', 'oRZ1CissKu', '2023-12-21 19:28:48', '2023-12-21 19:28:48'),
	(459, 'Leonora Grady', 'borer.stefan@example.org', '2023-12-21 19:28:48', '$2y$12$4bxbWM7V79vpwZTmHRLp/.QFbQauM79mpVBTCWlpj4.0Gs7XYGNEa', 'oUFr5Jsahf', '2023-12-21 19:28:48', '2023-12-21 19:28:48'),
	(460, 'Cade Jast', 'uokeefe@example.net', '2023-12-21 19:28:49', '$2y$12$4bxbWM7V79vpwZTmHRLp/.QFbQauM79mpVBTCWlpj4.0Gs7XYGNEa', 'Eb2pR8rpN4', '2023-12-21 19:28:49', '2023-12-21 19:28:49'),
	(461, 'Bethany Runte', 'shany14@example.org', '2023-12-21 19:28:49', '$2y$12$4bxbWM7V79vpwZTmHRLp/.QFbQauM79mpVBTCWlpj4.0Gs7XYGNEa', 'oIfOYVXSfy', '2023-12-21 19:28:49', '2023-12-21 19:28:49'),
	(462, 'Lon Bins', 'cwehner@example.net', '2023-12-21 19:28:49', '$2y$12$4bxbWM7V79vpwZTmHRLp/.QFbQauM79mpVBTCWlpj4.0Gs7XYGNEa', 'j6cDZsOZWJ', '2023-12-21 19:28:49', '2023-12-21 19:28:49'),
	(463, 'Florine Corwin DVM', 'candido.damore@example.com', '2023-12-21 19:28:49', '$2y$12$4bxbWM7V79vpwZTmHRLp/.QFbQauM79mpVBTCWlpj4.0Gs7XYGNEa', 'olrxDMubvk', '2023-12-21 19:28:49', '2023-12-21 19:28:49'),
	(464, 'Ms. Avis Kshlerin III', 'schuppe.dallin@example.org', '2023-12-21 19:28:49', '$2y$12$4bxbWM7V79vpwZTmHRLp/.QFbQauM79mpVBTCWlpj4.0Gs7XYGNEa', 'uscDlXOPVK', '2023-12-21 19:28:49', '2023-12-21 19:28:49'),
	(465, 'Walton Schulist', 'mills.schuyler@example.com', '2023-12-21 19:28:49', '$2y$12$4bxbWM7V79vpwZTmHRLp/.QFbQauM79mpVBTCWlpj4.0Gs7XYGNEa', 'eEoTx8TZyL', '2023-12-21 19:28:49', '2023-12-21 19:28:49'),
	(466, 'Rory Koepp', 'morissette.dejon@example.com', '2023-12-21 19:28:49', '$2y$12$4bxbWM7V79vpwZTmHRLp/.QFbQauM79mpVBTCWlpj4.0Gs7XYGNEa', 'mOGdBnhV1z', '2023-12-21 19:28:49', '2023-12-21 19:28:49'),
	(467, 'Richard Beer', 'dariana.roberts@example.net', '2023-12-21 19:28:49', '$2y$12$4bxbWM7V79vpwZTmHRLp/.QFbQauM79mpVBTCWlpj4.0Gs7XYGNEa', '9iSCKF7OEO', '2023-12-21 19:28:49', '2023-12-21 19:28:49'),
	(468, 'Mrs. Susanna Okuneva DVM', 'irwin.harber@example.org', '2023-12-21 19:28:49', '$2y$12$4bxbWM7V79vpwZTmHRLp/.QFbQauM79mpVBTCWlpj4.0Gs7XYGNEa', 'trgQOdgoMZ', '2023-12-21 19:28:49', '2023-12-21 19:28:49'),
	(469, 'Kenyatta Blick', 'pfarrell@example.com', '2023-12-21 19:28:49', '$2y$12$4bxbWM7V79vpwZTmHRLp/.QFbQauM79mpVBTCWlpj4.0Gs7XYGNEa', '91oeJq4kQm', '2023-12-21 19:28:49', '2023-12-21 19:28:49'),
	(470, 'Quinn Dietrich PhD', 'ldickens@example.net', '2023-12-21 19:28:49', '$2y$12$4bxbWM7V79vpwZTmHRLp/.QFbQauM79mpVBTCWlpj4.0Gs7XYGNEa', 'xA4DNzhIYf', '2023-12-21 19:28:49', '2023-12-21 19:28:49'),
	(471, 'Elouise Sanford', 'adams.zachariah@example.org', '2023-12-21 19:28:49', '$2y$12$4bxbWM7V79vpwZTmHRLp/.QFbQauM79mpVBTCWlpj4.0Gs7XYGNEa', 'qF4zAH7GeA', '2023-12-21 19:28:49', '2023-12-21 19:28:49'),
	(472, 'Loraine Larkin', 'hill.roselyn@example.net', '2023-12-21 19:28:49', '$2y$12$4bxbWM7V79vpwZTmHRLp/.QFbQauM79mpVBTCWlpj4.0Gs7XYGNEa', 'gvyhSFUvZm', '2023-12-21 19:28:49', '2023-12-21 19:28:49'),
	(473, 'Mariam West I', 'moore.maximillian@example.com', '2023-12-21 19:28:49', '$2y$12$4bxbWM7V79vpwZTmHRLp/.QFbQauM79mpVBTCWlpj4.0Gs7XYGNEa', 'w2qGhfxIC4', '2023-12-21 19:28:49', '2023-12-21 19:28:49'),
	(474, 'Mr. Tito Stracke Sr.', 'michel.lemke@example.org', '2023-12-21 19:28:49', '$2y$12$4bxbWM7V79vpwZTmHRLp/.QFbQauM79mpVBTCWlpj4.0Gs7XYGNEa', 'VviErjYdxE', '2023-12-21 19:28:49', '2023-12-21 19:28:49'),
	(475, 'Deondre Wyman', 'camron38@example.com', '2023-12-21 19:28:49', '$2y$12$4bxbWM7V79vpwZTmHRLp/.QFbQauM79mpVBTCWlpj4.0Gs7XYGNEa', 'FCsQaJRaCl', '2023-12-21 19:28:49', '2023-12-21 19:28:49'),
	(476, 'Darian Hand', 'theresa.boyle@example.net', '2023-12-21 19:28:49', '$2y$12$4bxbWM7V79vpwZTmHRLp/.QFbQauM79mpVBTCWlpj4.0Gs7XYGNEa', 'KINvlBmiTF', '2023-12-21 19:28:49', '2023-12-21 19:28:49'),
	(477, 'Cloyd McClure', 'alexa83@example.org', '2023-12-21 19:28:49', '$2y$12$4bxbWM7V79vpwZTmHRLp/.QFbQauM79mpVBTCWlpj4.0Gs7XYGNEa', 'toZJPbMqfS', '2023-12-21 19:28:49', '2023-12-21 19:28:49'),
	(478, 'Dr. Otis Hartmann PhD', 'gwill@example.com', '2023-12-21 19:28:49', '$2y$12$4bxbWM7V79vpwZTmHRLp/.QFbQauM79mpVBTCWlpj4.0Gs7XYGNEa', 'CKxsSWeAvU', '2023-12-21 19:28:49', '2023-12-21 19:28:49'),
	(479, 'Miss Susan Stark DDS', 'vladimir.ullrich@example.com', '2023-12-21 19:28:49', '$2y$12$4bxbWM7V79vpwZTmHRLp/.QFbQauM79mpVBTCWlpj4.0Gs7XYGNEa', '5adUtl3rnD', '2023-12-21 19:28:49', '2023-12-21 19:28:49'),
	(480, 'Randall Bechtelar Sr.', 'ffisher@example.com', '2023-12-21 19:28:49', '$2y$12$4bxbWM7V79vpwZTmHRLp/.QFbQauM79mpVBTCWlpj4.0Gs7XYGNEa', 'Pyqja0awOO', '2023-12-21 19:28:49', '2023-12-21 19:28:49'),
	(481, 'Damaris Lindgren', 'sschultz@example.org', '2023-12-21 19:28:49', '$2y$12$4bxbWM7V79vpwZTmHRLp/.QFbQauM79mpVBTCWlpj4.0Gs7XYGNEa', '2ydtStsD3y', '2023-12-21 19:28:49', '2023-12-21 19:28:49'),
	(482, 'Burnice Lakin', 'douglas.adriana@example.com', '2023-12-21 19:28:49', '$2y$12$4bxbWM7V79vpwZTmHRLp/.QFbQauM79mpVBTCWlpj4.0Gs7XYGNEa', 'SgUyAwzIAW', '2023-12-21 19:28:49', '2023-12-21 19:28:49'),
	(483, 'Rhett Hartmann', 'greenholt.dusty@example.org', '2023-12-21 19:28:49', '$2y$12$4bxbWM7V79vpwZTmHRLp/.QFbQauM79mpVBTCWlpj4.0Gs7XYGNEa', 'HzyZAXhXhp', '2023-12-21 19:28:49', '2023-12-21 19:28:49'),
	(484, 'Mary Rowe', 'isobel.gutkowski@example.net', '2023-12-21 19:28:49', '$2y$12$4bxbWM7V79vpwZTmHRLp/.QFbQauM79mpVBTCWlpj4.0Gs7XYGNEa', 'gtcYuGJ14v', '2023-12-21 19:28:49', '2023-12-21 19:28:49'),
	(485, 'Marlen Gutkowski', 'al19@example.org', '2023-12-21 19:28:49', '$2y$12$4bxbWM7V79vpwZTmHRLp/.QFbQauM79mpVBTCWlpj4.0Gs7XYGNEa', '7KqXtfHvy5', '2023-12-21 19:28:49', '2023-12-21 19:28:49'),
	(486, 'Lilliana Price', 'enrique32@example.org', '2023-12-21 19:28:49', '$2y$12$4bxbWM7V79vpwZTmHRLp/.QFbQauM79mpVBTCWlpj4.0Gs7XYGNEa', 'maxMC6ergz', '2023-12-21 19:28:49', '2023-12-21 19:28:49'),
	(487, 'Aubree Sauer', 'orn.leonie@example.com', '2023-12-21 19:28:49', '$2y$12$4bxbWM7V79vpwZTmHRLp/.QFbQauM79mpVBTCWlpj4.0Gs7XYGNEa', 'wqt1fQfK4A', '2023-12-21 19:28:49', '2023-12-21 19:28:49'),
	(488, 'Domenico Russel', 'franz.franecki@example.com', '2023-12-21 19:28:49', '$2y$12$4bxbWM7V79vpwZTmHRLp/.QFbQauM79mpVBTCWlpj4.0Gs7XYGNEa', '9tVOMQbDrY', '2023-12-21 19:28:49', '2023-12-21 19:28:49'),
	(489, 'Miss Giovanna Reilly', 'victoria00@example.com', '2023-12-21 19:28:49', '$2y$12$4bxbWM7V79vpwZTmHRLp/.QFbQauM79mpVBTCWlpj4.0Gs7XYGNEa', 'lMZtb6mIg4', '2023-12-21 19:28:49', '2023-12-21 19:28:49'),
	(490, 'Mr. Zackery Corwin IV', 'king.victor@example.com', '2023-12-21 19:28:49', '$2y$12$4bxbWM7V79vpwZTmHRLp/.QFbQauM79mpVBTCWlpj4.0Gs7XYGNEa', '47ZdR0rNDA', '2023-12-21 19:28:49', '2023-12-21 19:28:49'),
	(491, 'Prof. Archibald Lueilwitz', 'metz.shane@example.org', '2023-12-21 19:28:49', '$2y$12$4bxbWM7V79vpwZTmHRLp/.QFbQauM79mpVBTCWlpj4.0Gs7XYGNEa', 'EcGAIMr4L6', '2023-12-21 19:28:49', '2023-12-21 19:28:49'),
	(492, 'Miss Albertha Mayert IV', 'braun.kraig@example.com', '2023-12-21 19:28:49', '$2y$12$4bxbWM7V79vpwZTmHRLp/.QFbQauM79mpVBTCWlpj4.0Gs7XYGNEa', 'DJyBvCKFEH', '2023-12-21 19:28:49', '2023-12-21 19:28:49'),
	(493, 'Retha Grimes', 'jtorp@example.net', '2023-12-21 19:28:49', '$2y$12$4bxbWM7V79vpwZTmHRLp/.QFbQauM79mpVBTCWlpj4.0Gs7XYGNEa', 'WadIxjI821', '2023-12-21 19:28:49', '2023-12-21 19:28:49'),
	(494, 'Eugene Rempel I', 'rhomenick@example.net', '2023-12-21 19:28:49', '$2y$12$4bxbWM7V79vpwZTmHRLp/.QFbQauM79mpVBTCWlpj4.0Gs7XYGNEa', 'EONUi3JKyE', '2023-12-21 19:28:49', '2023-12-21 19:28:49'),
	(495, 'Afton Rolfson', 'schimmel.alessandra@example.org', '2023-12-21 19:28:49', '$2y$12$4bxbWM7V79vpwZTmHRLp/.QFbQauM79mpVBTCWlpj4.0Gs7XYGNEa', 'rDd8t1Q8D7', '2023-12-21 19:28:49', '2023-12-21 19:28:49'),
	(496, 'Noah Collier', 'slueilwitz@example.net', '2023-12-21 19:28:49', '$2y$12$4bxbWM7V79vpwZTmHRLp/.QFbQauM79mpVBTCWlpj4.0Gs7XYGNEa', '3YGjP1CnpG', '2023-12-21 19:28:49', '2023-12-21 19:28:49'),
	(497, 'Monty Skiles', 'hdenesik@example.org', '2023-12-21 19:28:49', '$2y$12$4bxbWM7V79vpwZTmHRLp/.QFbQauM79mpVBTCWlpj4.0Gs7XYGNEa', 'IUHFaaWyg7', '2023-12-21 19:28:49', '2023-12-21 19:28:49'),
	(498, 'Avis Vandervort', 'abraham.mcclure@example.org', '2023-12-21 19:28:49', '$2y$12$4bxbWM7V79vpwZTmHRLp/.QFbQauM79mpVBTCWlpj4.0Gs7XYGNEa', 'LNLsjXdps5', '2023-12-21 19:28:49', '2023-12-21 19:28:49'),
	(499, 'Mr. Tomas Lakin', 'block.leora@example.net', '2023-12-21 19:28:49', '$2y$12$4bxbWM7V79vpwZTmHRLp/.QFbQauM79mpVBTCWlpj4.0Gs7XYGNEa', '0p3hs0KFzI', '2023-12-21 19:28:49', '2023-12-21 19:28:49'),
	(500, 'Palma Predovic', 'rgusikowski@example.org', '2023-12-21 19:28:49', '$2y$12$4bxbWM7V79vpwZTmHRLp/.QFbQauM79mpVBTCWlpj4.0Gs7XYGNEa', 'jEw616vRcb', '2023-12-21 19:28:49', '2023-12-21 19:28:49');

/*!40103 SET TIME_ZONE=IFNULL(@OLD_TIME_ZONE, 'system') */;
/*!40101 SET SQL_MODE=IFNULL(@OLD_SQL_MODE, '') */;
/*!40014 SET FOREIGN_KEY_CHECKS=IFNULL(@OLD_FOREIGN_KEY_CHECKS, 1) */;
/*!40101 SET CHARACTER_SET_CLIENT=@OLD_CHARACTER_SET_CLIENT */;
/*!40111 SET SQL_NOTES=IFNULL(@OLD_SQL_NOTES, 1) */;
